,physician_name,physician_uuid,physician_username,physician_password,center_name,center_uuid
0,Dr. Max Parker,aa6aa717-93a2-48e9-8228-59a488e4b104,max_parker,aspernatur_minima_officiis,center_6,f7563f77-5327-4fbd-b20c-ac6a77b8bd66
1,Dr. Hilary Wilson,3958e7d7-a27a-4bcd-8c92-ad8884fe8ba3,hilary_wilson,voluptates_tempora_neque,center_8,ad79aaff-6cd9-4f01-9444-fcf9c6b77bd7
2,Dr. Conor Foster,f92fd763-5e66-4e0c-91af-e1a582326784,conor_foster,nihil_provident_recusandae,center_6,f7563f77-5327-4fbd-b20c-ac6a77b8bd66
3,Dr. Raymond Robinson,7c3247fc-6cc0-4f44-830e-5f362266f00a,raymond_robinson,quas_at_maxime,center_7,be283b6b-3230-4034-91da-dba4b7dc2b45
4,Dr. Lawrence Gardner,b9234180-5eb1-4d46-a83a-3cd485575305,lawrence_gardner,quis_reiciendis_earum,center_4,c8f81663-f4e6-4c83-8f52-326f40feccca
5,Dr. Margaret Parkes,a3cd4a07-fe61-4125-9808-84f4ffbabf07,margaret_parkes,dolorum_nihil_quidem,center_0,73968dd2-e499-43a1-9a8b-59d01497762e
6,Dr. Gavin Walker,e0e5b129-5472-405b-bc4d-f14bdf762940,gavin_walker,dicta_sapiente_fugit,center_8,ad79aaff-6cd9-4f01-9444-fcf9c6b77bd7
7,Dr. Gareth Lynch,21b58436-35a4-4f6e-8d4b-32453d8ae828,gareth_lynch,odit_qui_sapiente,center_3,c4df1301-8f35-4665-8b3f-1e7f2f906bc6
8,Dr. Harriet Smith,c06421f6-c264-41a8-a6ee-a860856e0ba1,harriet_smith,officiis_ad_quod,center_9,16861251-d6aa-4461-ab14-020197dc3952
9,Dr. Margaret Singh,f8ecfde5-6877-4b4a-9f0b-4ea19c28d6c4,margaret_singh,ad_saepe_voluptate,center_1,b7c40f63-97c1-4d60-bcea-2d17da808d80
10,Dr. Martin Thomas,45c21dda-8455-4b5f-8a12-d42d929e5ace,martin_thomas,sed_odit_voluptates,center_3,c4df1301-8f35-4665-8b3f-1e7f2f906bc6
11,Dr. Margaret Newton,e79f87c8-587e-49b6-887c-8b1a1ebd456c,margaret_newton,asperiores_optio_cumque,center_5,4a739dcb-193e-4eac-aa5f-93652f4cc9e2
12,Dr. Alexandra Sykes,eb4380ca-ae20-4008-b8bd-4eb85cfbeefc,alexandra_sykes,perspiciatis_beatae_eveniet,center_2,35f88fb7-dffd-40ab-958e-aceda4f44560
13,Dr. Jonathan Vaughan,88308895-4468-40a6-890f-60df318c6ed7,jonathan_vaughan,earum_consequatur_quos,center_1,b7c40f63-97c1-4d60-bcea-2d17da808d80
14,Dr. Henry Freeman,9d18b9f9-309a-40b6-a69a-a36905b18eeb,henry_freeman,temporibus_quis_omnis,center_1,b7c40f63-97c1-4d60-bcea-2d17da808d80
15,Dr. Chloe Ross,aa40397b-b132-4f39-81ba-617553756e47,chloe_ross,at_omnis_totam,center_0,73968dd2-e499-43a1-9a8b-59d01497762e
16,Dr. Jayne Knight,7083422f-dea6-4b9a-af12-0131bfbe355f,jayne_knight,ullam_error_rerum,center_5,4a739dcb-193e-4eac-aa5f-93652f4cc9e2
17,Dr. Josephine King,b5e5d0ae-be0d-41d2-a10f-35b11f2a5221,josephine_king,fuga_alias_aut,center_0,73968dd2-e499-43a1-9a8b-59d01497762e
18,Dr. Georgina Riley,51772122-3f95-4b7e-ac72-74cff90634cc,georgina_riley,voluptatibus_non_ipsam,center_5,4a739dcb-193e-4eac-aa5f-93652f4cc9e2
19,Dr. Sally Perry,9e5ba402-b19a-4f0d-9738-28612dc8ca05,sally_perry,rem_eaque_debitis,center_3,c4df1301-8f35-4665-8b3f-1e7f2f906bc6
20,Dr. Brandon Bennett,e9ca75df-dd86-43ea-b183-ba5da266c6fc,brandon_bennett,explicabo_voluptates_possimus,center_7,be283b6b-3230-4034-91da-dba4b7dc2b45
21,Dr. Norman Burton,5335c492-4612-4174-bd90-ba2667b73b13,norman_burton,et_esse_temporibus,center_6,f7563f77-5327-4fbd-b20c-ac6a77b8bd66
22,Dr. Paul Jones,ebfde69e-4b5c-4554-9bba-ab23fd798ede,paul_jones,quasi_dolorem_quibusdam,center_6,f7563f77-5327-4fbd-b20c-ac6a77b8bd66
23,Dr. Emma Smith,59cc2761-845c-4f98-8cfa-dee8d17481ae,emma_smith,nesciunt_delectus_harum,center_8,ad79aaff-6cd9-4f01-9444-fcf9c6b77bd7
24,Dr. Carly Booth,3cc98766-d49b-4892-a7a4-77577193bdd6,carly_booth,cupiditate_ut_cumque,center_1,b7c40f63-97c1-4d60-bcea-2d17da808d80
25,Dr. Tony Evans,ffe3abfc-d65b-4525-a40b-66bc13d1a509,tony_evans,odit_molestiae_placeat,center_6,f7563f77-5327-4fbd-b20c-ac6a77b8bd66
26,Dr. Patricia Newton,7428d824-8f14-43f8-90b5-5585b42a81dd,patricia_newton,voluptatum_ex_voluptates,center_4,c8f81663-f4e6-4c83-8f52-326f40feccca
27,Dr. Jonathan Sanders,e75a729a-b1ac-4316-b4e9-c982d099bdfd,jonathan_sanders,possimus_officiis_accusantium,center_4,c8f81663-f4e6-4c83-8f52-326f40feccca
28,Dr. Ben Saunders,c797d1aa-7db2-4033-aa06-15cf67da3103,ben_saunders,excepturi_officia_illo,center_6,f7563f77-5327-4fbd-b20c-ac6a77b8bd66
29,Dr. Shaun Watson,933c9f32-960d-4476-bff2-896c76d892ee,shaun_watson,suscipit_modi_ipsam,center_9,16861251-d6aa-4461-ab14-020197dc3952
30,Dr. Dominic Abbott,523cee2c-a5aa-4e38-bd70-58dd478963fc,dominic_abbott,possimus_reiciendis_optio,center_3,c4df1301-8f35-4665-8b3f-1e7f2f906bc6
31,Dr. Jenna Harrison,c070b7fb-a686-4582-b802-046634581700,jenna_harrison,tenetur_veritatis_quis,center_8,ad79aaff-6cd9-4f01-9444-fcf9c6b77bd7
32,Dr. Georgia Taylor,44b5469c-91f4-4cd1-8edd-0adc453b05e5,georgia_taylor,officiis_blanditiis_autem,center_1,b7c40f63-97c1-4d60-bcea-2d17da808d80
33,Dr. Sara Morgan,36f964af-5df7-403b-a438-e51a1d49a6bf,sara_morgan,molestiae_sint_ex,center_7,be283b6b-3230-4034-91da-dba4b7dc2b45
34,Dr. Leonard Simpson,633980bf-0582-445f-8d1a-a23aaebee90b,leonard_simpson,ex_dolores_quas,center_0,73968dd2-e499-43a1-9a8b-59d01497762e
35,Dr. Sean Hayward,eab50596-d087-47c2-8b37-53cbf2fe487e,sean_hayward,odit_hic_nobis,center_9,16861251-d6aa-4461-ab14-020197dc3952
36,Dr. Lydia Evans,ba76a40b-5e38-416f-a293-390e29e73d60,lydia_evans,delectus_quae_eligendi,center_9,16861251-d6aa-4461-ab14-020197dc3952
37,Dr. Abbie Jones,124a8a9e-f962-4892-ad05-5bcf46aa11db,abbie_jones,accusantium_nam_nisi,center_6,f7563f77-5327-4fbd-b20c-ac6a77b8bd66
38,Dr. Dean Clark,84467d51-d525-4fc9-bc03-2b09420b72e0,dean_clark,quam_voluptatem_ipsum,center_1,b7c40f63-97c1-4d60-bcea-2d17da808d80
39,Dr. Janice Pugh,026b23c4-619e-4277-a69d-757012f50e99,janice_pugh,tenetur_voluptatibus_tenetur,center_7,be283b6b-3230-4034-91da-dba4b7dc2b45
40,Dr. Dean Anderson,cbbebde5-83ee-4ffd-9696-a9be1ff3dbf3,dean_anderson,numquam_odio_sunt,center_8,ad79aaff-6cd9-4f01-9444-fcf9c6b77bd7
41,Dr. Raymond Cox,599e570a-3e0c-4bf8-abd8-a62d7b3ba8fc,raymond_cox,hic_id_iusto,center_2,35f88fb7-dffd-40ab-958e-aceda4f44560
42,Dr. Glenn Clarke,c0e11979-27e1-486d-8cf0-940de4731cea,glenn_clarke,voluptate_odit_recusandae,center_0,73968dd2-e499-43a1-9a8b-59d01497762e
43,Dr. Julie Goodwin,c29a0a21-6775-49f7-a71f-61cb345ed349,julie_goodwin,eius_voluptas_optio,center_8,ad79aaff-6cd9-4f01-9444-fcf9c6b77bd7
44,Dr. Naomi Bennett,74e0fb99-d620-43ee-a8b8-398aefcf86ab,naomi_bennett,quos_soluta_adipisci,center_0,73968dd2-e499-43a1-9a8b-59d01497762e
45,Dr. Connor Nicholson,8a8958c2-96b3-40d8-8c43-acc8dcad02e0,connor_nicholson,molestiae_aut_ut,center_2,35f88fb7-dffd-40ab-958e-aceda4f44560
46,Dr. Harriet Harris,49570300-7032-470e-8b2d-acf499ecdb0d,harriet_harris,esse_quaerat_nihil,center_8,ad79aaff-6cd9-4f01-9444-fcf9c6b77bd7
47,Dr. Callum Morrison,729c9fef-4b8f-4d6a-a2d9-93214bd4928b,callum_morrison,quod_cum_est,center_5,4a739dcb-193e-4eac-aa5f-93652f4cc9e2
48,Dr. Grace Walsh,49e24707-b170-43fb-82ce-bd374bcd1a90,grace_walsh,non_odio_doloremque,center_1,b7c40f63-97c1-4d60-bcea-2d17da808d80
49,Dr. Grace Adams,1ce5b31d-bb0f-4fa0-9db8-1b8dfa579281,grace_adams,dolorem_nemo_exercitationem,center_4,c8f81663-f4e6-4c83-8f52-326f40feccca
50,Dr. Christopher Chambers,99fbb62a-7a9d-46d2-a5fc-a5d70100d426,christopher_chambers,aliquam_doloremque_earum,center_2,35f88fb7-dffd-40ab-958e-aceda4f44560
51,Dr. Sarah Wilson,9c9869b5-f024-4579-a720-22f77ca803c9,sarah_wilson,aut_numquam_cupiditate,center_3,c4df1301-8f35-4665-8b3f-1e7f2f906bc6
52,Dr. Mandy Bird,d35e7365-c82d-40f7-900d-d78ff1657f95,mandy_bird,necessitatibus_sed_minus,center_9,16861251-d6aa-4461-ab14-020197dc3952
53,Dr. Edward Griffiths,3e59d435-f5ff-4b15-a2e2-93fab50d8aa9,edward_griffiths,quos_molestias_eveniet,center_4,c8f81663-f4e6-4c83-8f52-326f40feccca
54,Dr. Joan Cooper,d88b9c7b-b0b2-420a-85a5-d7dd3a0bbb62,joan_cooper,repellat_maiores_tenetur,center_8,ad79aaff-6cd9-4f01-9444-fcf9c6b77bd7
55,Dr. Malcolm Carr,40da7fe1-ea8a-4aca-9b73-f9a8c262cc70,malcolm_carr,sapiente_accusantium_at,center_2,35f88fb7-dffd-40ab-958e-aceda4f44560
56,Dr. Carl Edwards,ac7a3a83-a931-4da0-bdad-7e65f341e7d8,carl_edwards,iure_nisi_at,center_8,ad79aaff-6cd9-4f01-9444-fcf9c6b77bd7
57,Dr. Mohammad Stevenson,05bd618b-47d6-4bd0-b95d-6c3177f60a5f,mohammad_stevenson,ex_ullam_non,center_1,b7c40f63-97c1-4d60-bcea-2d17da808d80
58,Dr. Holly Knight,9258629e-5b05-4807-a2e4-21d2183ea076,holly_knight,soluta_atque_maxime,center_6,f7563f77-5327-4fbd-b20c-ac6a77b8bd66
59,Dr. Abigail Tomlinson,c92cf36a-00eb-4b01-be9c-6bd436f1497a,abigail_tomlinson,vero_corrupti_velit,center_1,b7c40f63-97c1-4d60-bcea-2d17da808d80
60,Dr. Kelly Woods,6e36add7-9e84-4d06-991b-ebaa62c0c614,kelly_woods,doloremque_libero_alias,center_7,be283b6b-3230-4034-91da-dba4b7dc2b45
61,Dr. Bethan Perry,3f54a2b0-d4a2-4a60-ac37-0982aa346ce7,bethan_perry,officia_expedita_praesentium,center_8,ad79aaff-6cd9-4f01-9444-fcf9c6b77bd7
62,Dr. Sara Hopkins,fffbdf16-453f-4067-9eb4-e121875a2b05,sara_hopkins,eveniet_voluptates_cumque,center_3,c4df1301-8f35-4665-8b3f-1e7f2f906bc6
63,Dr. Rachael Parker,76f20098-dd15-4e8e-a956-735debafc084,rachael_parker,voluptatum_optio_quibusdam,center_2,35f88fb7-dffd-40ab-958e-aceda4f44560
64,Dr. Nicole Cartwright,88df4152-344e-42c5-9125-c5510e46bc43,nicole_cartwright,quisquam_corporis_repellendus,center_1,b7c40f63-97c1-4d60-bcea-2d17da808d80
65,Dr. Cheryl Pearson,3334bfb8-936a-4293-8512-4efeaf6fa7f6,cheryl_pearson,velit_dolorum_quidem,center_8,ad79aaff-6cd9-4f01-9444-fcf9c6b77bd7
66,Dr. Irene Brown,203683f3-db52-4f43-af33-18317ff6767b,irene_brown,maiores_blanditiis_cupiditate,center_2,35f88fb7-dffd-40ab-958e-aceda4f44560
67,Dr. Alexandra Heath,4c5a1577-dbda-456a-976f-6531d8f3ceb1,alexandra_heath,aut_totam_sapiente,center_1,b7c40f63-97c1-4d60-bcea-2d17da808d80
68,Dr. Cheryl Walker,a06afa46-03ba-4fb7-bb42-5a10b3ba9113,cheryl_walker,incidunt_dicta_dolor,center_8,ad79aaff-6cd9-4f01-9444-fcf9c6b77bd7
69,Dr. Gregory Miles,5960d976-1173-4d0b-8534-66718edb83ca,gregory_miles,quisquam_ipsam_voluptatum,center_4,c8f81663-f4e6-4c83-8f52-326f40feccca
70,Dr. Bethan Green,e597590a-2a4a-47b4-920a-6faea85517b1,bethan_green,dignissimos_atque_in,center_8,ad79aaff-6cd9-4f01-9444-fcf9c6b77bd7
71,Dr. Sylvia Smith,e4cdd7bd-176a-4e26-b4da-eb60b386cf20,sylvia_smith,natus_veniam_ipsam,center_6,f7563f77-5327-4fbd-b20c-ac6a77b8bd66
72,Dr. Douglas Smith,8eb661c4-8f52-44e6-9b3a-334a9d3feec0,douglas_smith,quam_doloremque_laudantium,center_8,ad79aaff-6cd9-4f01-9444-fcf9c6b77bd7
73,Dr. Kerry Baxter,1ed065b5-f436-4f3a-81b0-abf196eb9d93,kerry_baxter,suscipit_vitae_eos,center_2,35f88fb7-dffd-40ab-958e-aceda4f44560
74,Dr. Marilyn Brooks,c5bcf900-8e39-4e23-91d7-8c74655e4af6,marilyn_brooks,doloremque_ducimus_pariatur,center_4,c8f81663-f4e6-4c83-8f52-326f40feccca
75,Dr. Malcolm Rowe,81b5f399-69f6-4cb7-85fd-be4c3a687a59,malcolm_rowe,illo_cum_laboriosam,center_7,be283b6b-3230-4034-91da-dba4b7dc2b45
76,Dr. Jemma Smith,b87e4187-b2a9-4e89-ab14-b3c511513980,jemma_smith,nulla_magni_sequi,center_0,73968dd2-e499-43a1-9a8b-59d01497762e
77,Dr. Shaun Vaughan,9e596f51-a0d7-4363-a019-705c98bc29a1,shaun_vaughan,culpa_porro_dolore,center_0,73968dd2-e499-43a1-9a8b-59d01497762e
78,Dr. Beverley Lucas,b31b2767-ad1e-409d-bd11-4d9e87b520c0,beverley_lucas,dolorum_reprehenderit_dolores,center_7,be283b6b-3230-4034-91da-dba4b7dc2b45
79,Dr. Elliott Hobbs,58278cfe-3f22-42fc-b6c3-d3961a47db74,elliott_hobbs,in_pariatur_dolor,center_3,c4df1301-8f35-4665-8b3f-1e7f2f906bc6
80,Dr. Laura Smith,cbdefecc-9c22-4243-ae25-a5ff33a41747,laura_smith,molestias_error_atque,center_3,c4df1301-8f35-4665-8b3f-1e7f2f906bc6
81,Dr. Lewis O'Donnell,4fbba8ed-830d-4e64-a654-26a9f6f294a8,lewis_o'donnell,labore_impedit_quibusdam,center_9,16861251-d6aa-4461-ab14-020197dc3952
82,Dr. Leah Hughes,9ddf55a6-9905-4a73-ab1f-aa1087bf5e1f,leah_hughes,totam_aperiam_cum,center_7,be283b6b-3230-4034-91da-dba4b7dc2b45
83,Dr. Mitchell Patel,b6612370-1e7a-4551-874d-0e7c6ecd0f49,mitchell_patel,exercitationem_omnis_reprehenderit,center_7,be283b6b-3230-4034-91da-dba4b7dc2b45
84,Dr. Adrian Cook,a98b5384-8c3d-4fcd-80d7-0dbab13bacfa,adrian_cook,eveniet_voluptatibus_officiis,center_9,16861251-d6aa-4461-ab14-020197dc3952
85,Dr. Sally Gray,0abbe4e6-7855-4500-8809-4897da77fd9a,sally_gray,ex_perspiciatis_saepe,center_8,ad79aaff-6cd9-4f01-9444-fcf9c6b77bd7
86,Dr. Garry Norton,5caf5ac2-7991-4381-ace0-5c90db484ffa,garry_norton,nisi_fugiat_ad,center_6,f7563f77-5327-4fbd-b20c-ac6a77b8bd66
87,Dr. Hannah Ward,ee217f0d-bf59-46ce-8c37-b50318fefc3f,hannah_ward,voluptate_maxime_ad,center_7,be283b6b-3230-4034-91da-dba4b7dc2b45
88,Dr. Gavin Bradley,8df9e03d-1e15-49ec-83d6-1823b8db7733,gavin_bradley,quam_itaque_unde,center_7,be283b6b-3230-4034-91da-dba4b7dc2b45
89,Dr. Wayne Harris,2104e159-a8cc-40ee-b5a0-5ab21393aa03,wayne_harris,assumenda_a_nemo,center_3,c4df1301-8f35-4665-8b3f-1e7f2f906bc6
90,Dr. Elliot Wilson,14fd01c6-6dcd-4652-9a1a-540bc4f747b6,elliot_wilson,quaerat_harum_nostrum,center_8,ad79aaff-6cd9-4f01-9444-fcf9c6b77bd7
91,Dr. Karen Freeman,4b41c0ae-845a-4188-955d-c318b289f3da,karen_freeman,quia_dolorem_voluptate,center_4,c8f81663-f4e6-4c83-8f52-326f40feccca
92,Dr. Justin Davies,6f43f7a6-529e-4215-b638-616953fa62e7,justin_davies,facilis_natus_sequi,center_0,73968dd2-e499-43a1-9a8b-59d01497762e
93,Dr. Stanley White,eac74499-7f48-43e6-8177-3fa8ffca32f7,stanley_white,repellendus_perferendis_natus,center_6,f7563f77-5327-4fbd-b20c-ac6a77b8bd66
94,Dr. Richard Burke,fb4b3106-2b36-4450-8f22-90be13f075c7,richard_burke,illo_maiores_iste,center_3,c4df1301-8f35-4665-8b3f-1e7f2f906bc6
95,Dr. Margaret Jones,71274294-cc02-4247-b5c4-9bbb57822086,margaret_jones,alias_deleniti_asperiores,center_1,b7c40f63-97c1-4d60-bcea-2d17da808d80
96,Dr. Danny Henderson,988ae7cf-ed3c-42cc-bd1a-73cc8cf404ef,danny_henderson,nobis_mollitia_ea,center_3,c4df1301-8f35-4665-8b3f-1e7f2f906bc6
97,Dr. Mary Sharp,0b8715ee-ae74-479f-82ab-394046b7fbb4,mary_sharp,impedit_pariatur_omnis,center_8,ad79aaff-6cd9-4f01-9444-fcf9c6b77bd7
98,Dr. Martyn Barnes,d99ea7aa-58b7-4e9a-b5b6-88010dca7021,martyn_barnes,corrupti_doloribus_laborum,center_3,c4df1301-8f35-4665-8b3f-1e7f2f906bc6
99,Dr. Marilyn Walker,db69e555-a37f-40eb-9645-c5c2f0cc8cba,marilyn_walker,quasi_quos_ullam,center_0,73968dd2-e499-43a1-9a8b-59d01497762e
100,Dr. Martyn Ellis,02eb5397-c10d-42b4-8c32-a4a16bab2ae5,martyn_ellis,tenetur_repellat_necessitatibus,center_4,c8f81663-f4e6-4c83-8f52-326f40feccca
101,Dr. Gregory Owen,4c534a6d-3bc1-4173-b4a9-719b628279a8,gregory_owen,tenetur_repudiandae_maiores,center_7,be283b6b-3230-4034-91da-dba4b7dc2b45
102,Dr. Alexander Fitzgerald,fe473be1-20df-45a1-895b-a1303431ab97,alexander_fitzgerald,veritatis_quasi_quidem,center_9,16861251-d6aa-4461-ab14-020197dc3952
103,Dr. Michael Vaughan,fcf852b0-bead-48fb-bdde-9eceef435c0a,michael_vaughan,facere_facilis_possimus,center_6,f7563f77-5327-4fbd-b20c-ac6a77b8bd66
104,Dr. Aimee Barrett,e33efbac-a783-4eeb-856a-433e413ac155,aimee_barrett,veniam_ratione_quibusdam,center_2,35f88fb7-dffd-40ab-958e-aceda4f44560
105,Dr. Deborah Thomas,5f627f91-e742-49ff-8c3c-1c5d704c18c1,deborah_thomas,accusamus_possimus_nesciunt,center_8,ad79aaff-6cd9-4f01-9444-fcf9c6b77bd7
106,Dr. Chloe Stokes,37e9d8ab-1ea5-46ef-a508-3d958ce57ead,chloe_stokes,odit_facere_doloremque,center_4,c8f81663-f4e6-4c83-8f52-326f40feccca
107,Dr. Marcus Kennedy,6dd5de00-2865-4203-9d3a-e67bc4236e01,marcus_kennedy,soluta_inventore_explicabo,center_9,16861251-d6aa-4461-ab14-020197dc3952
108,Dr. Ronald Cooper,e5445de7-9ddb-409a-8621-efd069418700,ronald_cooper,a_placeat_enim,center_3,c4df1301-8f35-4665-8b3f-1e7f2f906bc6
109,Dr. Elaine Stewart,5a871064-d09f-41f7-9a46-4555bfdd4f26,elaine_stewart,excepturi_vel_ex,center_5,4a739dcb-193e-4eac-aa5f-93652f4cc9e2
110,Dr. Sam Moore,776599ae-1a6e-44fc-8a69-1a07bbe26f75,sam_moore,officiis_odit_magni,center_4,c8f81663-f4e6-4c83-8f52-326f40feccca
111,Dr. Debra Bray,03e8a18a-c214-4196-a307-1430a3ac2aa6,debra_bray,aliquid_nam_et,center_2,35f88fb7-dffd-40ab-958e-aceda4f44560
112,Dr. Abigail Morgan,f5cf9c0d-7cdb-4969-abac-cb01ce6e9ade,abigail_morgan,atque_similique_magnam,center_4,c8f81663-f4e6-4c83-8f52-326f40feccca
113,Dr. Shirley Hunter,363b6365-5f42-4ce6-80b3-b5a79704f819,shirley_hunter,officia_fuga_animi,center_3,c4df1301-8f35-4665-8b3f-1e7f2f906bc6
114,Dr. Ruth Johnson,1375ea70-147f-4aac-b226-9ee5c3118118,ruth_johnson,totam_tempore_quos,center_8,ad79aaff-6cd9-4f01-9444-fcf9c6b77bd7
115,Dr. Georgia Stanley,a3901b4d-297f-4bb0-9cbc-12800f7de081,georgia_stanley,vitae_et_ipsam,center_1,b7c40f63-97c1-4d60-bcea-2d17da808d80
116,Dr. Jake Sharp,31237177-9b00-47e8-a3c0-35a72e0bfe15,jake_sharp,doloribus_iusto_libero,center_7,be283b6b-3230-4034-91da-dba4b7dc2b45
117,Dr. James Clark,95189bd3-4c08-431d-82bc-985c968dc904,james_clark,corrupti_velit_est,center_6,f7563f77-5327-4fbd-b20c-ac6a77b8bd66
118,Dr. Lee Murray,0d89b9bc-adaa-4a9f-b724-85a19ab90dd3,lee_murray,ipsum_atque_hic,center_4,c8f81663-f4e6-4c83-8f52-326f40feccca
119,Dr. Brian Henderson,4195415d-4469-4886-9bd3-2ba84c2fafcb,brian_henderson,vel_vero_quidem,center_0,73968dd2-e499-43a1-9a8b-59d01497762e
120,Dr. Alexandra Doyle,6a1b4875-46c8-41bd-8c1a-b5e2f67be7a2,alexandra_doyle,quaerat_quam_ipsum,center_5,4a739dcb-193e-4eac-aa5f-93652f4cc9e2
121,Dr. Mohammad Grant,e10a7aea-9515-4fe5-801d-ec12ec5d313c,mohammad_grant,laborum_illo_iure,center_1,b7c40f63-97c1-4d60-bcea-2d17da808d80
122,Dr. Norman Hudson,29fe29d9-8b9d-42e7-a089-9c1047ce27f1,norman_hudson,sed_veritatis_dolores,center_0,73968dd2-e499-43a1-9a8b-59d01497762e
123,Dr. Joshua Morris,1763d421-970a-4c43-b392-fc7fc248103e,joshua_morris,dolore_porro_modi,center_4,c8f81663-f4e6-4c83-8f52-326f40feccca
124,Dr. Hannah Forster,b6272969-f962-4213-9c86-962ea4412c6d,hannah_forster,placeat_placeat_nostrum,center_8,ad79aaff-6cd9-4f01-9444-fcf9c6b77bd7
125,Dr. Emma White,f438d368-8846-451f-9d75-c2cf4302f46e,emma_white,illo_ullam_laborum,center_8,ad79aaff-6cd9-4f01-9444-fcf9c6b77bd7
126,Dr. Kate Clements,eb9923e0-cb09-40e3-8cce-04fd5e3ddb6b,kate_clements,nam_voluptas_labore,center_5,4a739dcb-193e-4eac-aa5f-93652f4cc9e2
127,Dr. Graham Mistry,cc3d503a-f0a0-4e5b-8a63-cd285b6ec3fe,graham_mistry,sit_provident_quo,center_3,c4df1301-8f35-4665-8b3f-1e7f2f906bc6
128,Dr. Bryan Lawrence,dfc7bdf8-a391-4d79-a33c-b4014e24f5dd,bryan_lawrence,nobis_veniam_laudantium,center_3,c4df1301-8f35-4665-8b3f-1e7f2f906bc6
129,Dr. Josephine Simpson,7374a70f-0426-4e3c-8d43-ab5055135240,josephine_simpson,nam_dolor_iusto,center_4,c8f81663-f4e6-4c83-8f52-326f40feccca
130,Dr. Marilyn Brown,68082f49-ef20-45d0-85c0-619bb62155da,marilyn_brown,dolorem_tempora_ullam,center_4,c8f81663-f4e6-4c83-8f52-326f40feccca
131,Dr. Barry Dawson,316dabc1-7382-4793-bd4c-0357b29d8206,barry_dawson,tempora_quisquam_in,center_9,16861251-d6aa-4461-ab14-020197dc3952
132,Dr. Jordan Davis,17ca9a7b-8f3e-4371-bf56-4443e608deb1,jordan_davis,fugit_nihil_beatae,center_2,35f88fb7-dffd-40ab-958e-aceda4f44560
133,Dr. Wendy Cook,b7adf6ac-9231-4821-9961-5286384fc8e7,wendy_cook,corrupti_tenetur_voluptatem,center_7,be283b6b-3230-4034-91da-dba4b7dc2b45
134,Dr. Clare Mills,40018473-0137-4e95-b81b-61fe9a020544,clare_mills,deserunt_illum_eum,center_1,b7c40f63-97c1-4d60-bcea-2d17da808d80
135,Dr. Michael Jones,ad833d99-6312-4d5c-bf6f-1329032e5a8a,michael_jones,reiciendis_culpa_minus,center_9,16861251-d6aa-4461-ab14-020197dc3952
136,Dr. Tracy Brown,0a7118c6-2b99-4555-918b-ac172f51aef2,tracy_brown,veritatis_corporis_perspiciatis,center_3,c4df1301-8f35-4665-8b3f-1e7f2f906bc6
137,Dr. Ashley Singh,0f5775f2-f7bb-4945-a16f-115dab209547,ashley_singh,quasi_assumenda_officiis,center_1,b7c40f63-97c1-4d60-bcea-2d17da808d80
138,Dr. Kieran Mellor,a3aed14e-9c33-4dde-8e87-8119082d3b75,kieran_mellor,quidem_quisquam_maiores,center_7,be283b6b-3230-4034-91da-dba4b7dc2b45
139,Dr. Josephine Reynolds,78c2603d-e597-4723-b34a-47f5863206da,josephine_reynolds,accusantium_error_accusantium,center_9,16861251-d6aa-4461-ab14-020197dc3952
140,Dr. Tom Brown,db151fb8-4300-4cfd-8cd4-e347b42806a7,tom_brown,illo_neque_eveniet,center_9,16861251-d6aa-4461-ab14-020197dc3952
141,Dr. David Jackson,37dcca57-4117-420e-bf1b-6870df39d888,david_jackson,modi_dicta_ipsum,center_3,c4df1301-8f35-4665-8b3f-1e7f2f906bc6
142,Dr. Karen Peacock,2f400649-d162-4c42-afd9-baf03ef72261,karen_peacock,illo_tenetur_eos,center_3,c4df1301-8f35-4665-8b3f-1e7f2f906bc6
143,Dr. Karen Jackson,cce266e6-a57c-435b-a774-4cfcf82decec,karen_jackson,iure_voluptates_iste,center_1,b7c40f63-97c1-4d60-bcea-2d17da808d80
144,Dr. Jade Todd,4057097c-1503-4c01-8231-da9bc02e2ba0,jade_todd,aut_voluptatibus_minima,center_7,be283b6b-3230-4034-91da-dba4b7dc2b45
145,Dr. Naomi Walsh,23f73257-2d0e-4a58-a5dd-9e2fd06fcc2e,naomi_walsh,aliquam_earum_soluta,center_3,c4df1301-8f35-4665-8b3f-1e7f2f906bc6
146,Dr. Bethan Brown,9d36a6d9-f48d-4fcd-a0f6-87db4bfaee15,bethan_brown,perferendis_expedita_eveniet,center_4,c8f81663-f4e6-4c83-8f52-326f40feccca
147,Dr. Stephanie Cole,31891280-df3c-4cf9-ab5a-8b16be07eb5e,stephanie_cole,beatae_veniam_nobis,center_6,f7563f77-5327-4fbd-b20c-ac6a77b8bd66
148,Dr. Jasmine Knight,8a678f9a-c11c-43b5-844c-07d635b97c53,jasmine_knight,labore_perferendis_incidunt,center_9,16861251-d6aa-4461-ab14-020197dc3952
149,Dr. Aimee Hawkins,bd6cf8c1-beb8-4159-aa61-b50ffc97c244,aimee_hawkins,porro_placeat_eveniet,center_3,c4df1301-8f35-4665-8b3f-1e7f2f906bc6
150,Dr. Carl Gregory,4202485e-e4a3-407b-b2b7-3129c24e5ead,carl_gregory,possimus_vel_recusandae,center_6,f7563f77-5327-4fbd-b20c-ac6a77b8bd66
151,Dr. Wendy Brooks,1baecaee-69d7-47d5-a872-08272bf7d2ce,wendy_brooks,molestias_recusandae_laudantium,center_5,4a739dcb-193e-4eac-aa5f-93652f4cc9e2
152,Dr. Neil Pratt,a8d337f3-79ac-45fd-a777-3dd27cadea4b,neil_pratt,labore_corporis_labore,center_2,35f88fb7-dffd-40ab-958e-aceda4f44560
153,Dr. Glenn Bennett,0b2cce5e-64c5-4bcc-81cc-2d5de5a36c1f,glenn_bennett,iure_commodi_velit,center_9,16861251-d6aa-4461-ab14-020197dc3952
154,Dr. Joan Hunter,6f570edf-695c-4761-b635-c2f8c26bcb53,joan_hunter,dignissimos_quas_molestias,center_4,c8f81663-f4e6-4c83-8f52-326f40feccca
155,Dr. Marian Wilson,3676a362-c9f4-4c90-8ac0-565af7978ca5,marian_wilson,culpa_natus_consequatur,center_1,b7c40f63-97c1-4d60-bcea-2d17da808d80
156,Dr. Mohammad Allen,3743fd79-a59a-4de8-8c1f-10a89a6710bb,mohammad_allen,dolor_error_fuga,center_3,c4df1301-8f35-4665-8b3f-1e7f2f906bc6
157,Dr. Richard Ford,6732ca36-7e09-403e-bdb4-27898b0744da,richard_ford,cum_aliquid_magni,center_4,c8f81663-f4e6-4c83-8f52-326f40feccca
158,Dr. Kimberley Riley,0373135d-56f5-4eaa-89de-5f154016cb0e,kimberley_riley,sequi_maiores_blanditiis,center_5,4a739dcb-193e-4eac-aa5f-93652f4cc9e2
159,Dr. Cheryl James,361c5ceb-1562-44d6-a70a-88b022103363,cheryl_james,nemo_vero_eum,center_8,ad79aaff-6cd9-4f01-9444-fcf9c6b77bd7
160,Dr. Lydia Dean,efdb880f-1f6e-4ecc-9bb5-baf80f249460,lydia_dean,ipsam_mollitia_esse,center_2,35f88fb7-dffd-40ab-958e-aceda4f44560
161,Dr. Natasha Richards,59785539-5267-41a6-9fc8-bd3668834656,natasha_richards,perferendis_veritatis_dolor,center_6,f7563f77-5327-4fbd-b20c-ac6a77b8bd66
162,Dr. Raymond Stanley,d47b42cf-be9b-4ba8-972d-a77785bb17e1,raymond_stanley,quia_accusantium_quisquam,center_7,be283b6b-3230-4034-91da-dba4b7dc2b45
163,Dr. Frank Jenkins,06e5cd0b-b80d-4134-a6a1-ad7afa4f8a84,frank_jenkins,dicta_quis_quos,center_8,ad79aaff-6cd9-4f01-9444-fcf9c6b77bd7
164,Dr. Gerald Walker,579c219c-e24c-447e-8c27-7a77dd14d657,gerald_walker,necessitatibus_sint_quod,center_8,ad79aaff-6cd9-4f01-9444-fcf9c6b77bd7
165,Dr. Jenna Sanders,baead44c-ce44-486a-afd9-78df21479d2a,jenna_sanders,distinctio_neque_voluptatem,center_9,16861251-d6aa-4461-ab14-020197dc3952
166,Dr. Simon Thompson,b9284874-af49-4eae-a579-6bc5b3d287c7,simon_thompson,accusantium_non_voluptatibus,center_8,ad79aaff-6cd9-4f01-9444-fcf9c6b77bd7
167,Dr. Wendy Williams,b4292d78-df02-4cba-96eb-2fac74f5f05b,wendy_williams,sequi_libero_est,center_8,ad79aaff-6cd9-4f01-9444-fcf9c6b77bd7
168,Dr. Lydia Powell,9b1fbe76-5c02-486b-bfd5-f525cd6cf867,lydia_powell,corrupti_iure_expedita,center_9,16861251-d6aa-4461-ab14-020197dc3952
169,Dr. Sarah Adams,1dc1523a-e98e-4d0c-9984-757005f87692,sarah_adams,totam_mollitia_quae,center_9,16861251-d6aa-4461-ab14-020197dc3952
170,Dr. Janice Johnson,b0a67096-8212-42bf-bc85-fcdc468ab19c,janice_johnson,veritatis_dolorum_est,center_3,c4df1301-8f35-4665-8b3f-1e7f2f906bc6
171,Dr. Victor Kelly,178e36ad-bc0f-4193-9611-c9a8aaa056aa,victor_kelly,itaque_tempora_enim,center_1,b7c40f63-97c1-4d60-bcea-2d17da808d80
172,Dr. Beth Dixon,7965c95e-01c5-4770-8970-16f5d6d22e43,beth_dixon,ratione_recusandae_est,center_1,b7c40f63-97c1-4d60-bcea-2d17da808d80
173,Dr. Grace Murray,c3e66c5e-fe38-4220-bcd5-191cb2dc0d3e,grace_murray,sit_quo_odit,center_5,4a739dcb-193e-4eac-aa5f-93652f4cc9e2
174,Dr. Ross Harris,773266de-5e53-4eae-a9e0-41d06c7668b2,ross_harris,omnis_distinctio_dignissimos,center_8,ad79aaff-6cd9-4f01-9444-fcf9c6b77bd7
175,Dr. Victoria Campbell,0de4d2ba-4fc8-4073-adb0-e6ea69e8677e,victoria_campbell,ut_perferendis_nostrum,center_0,73968dd2-e499-43a1-9a8b-59d01497762e
176,Dr. Lewis Hope,8ebd2d74-b0fe-41fb-bf36-8d0ffc9e593d,lewis_hope,sint_doloremque_deserunt,center_9,16861251-d6aa-4461-ab14-020197dc3952
177,Dr. Nigel Brown,cd38dca2-9829-4bfb-a896-7e1f27e1a5f9,nigel_brown,iure_possimus_aut,center_9,16861251-d6aa-4461-ab14-020197dc3952
178,Dr. Lorraine Kent,5878b0b6-7db1-43b9-bdb4-a2473b4c5db8,lorraine_kent,nemo_architecto_cum,center_1,b7c40f63-97c1-4d60-bcea-2d17da808d80
179,Dr. Josephine Davis,1ddf366b-e5a0-4779-92c4-8600b6ca9630,josephine_davis,numquam_nulla_dicta,center_1,b7c40f63-97c1-4d60-bcea-2d17da808d80
180,Dr. Lee Palmer,e53d97e1-a5f4-40e2-b8bf-6cb8787c61a5,lee_palmer,sapiente_blanditiis_dicta,center_7,be283b6b-3230-4034-91da-dba4b7dc2b45
181,Dr. Emily Woods,64ed371f-4bcb-4eeb-97a5-85fcf0e726a6,emily_woods,numquam_ipsa_nobis,center_6,f7563f77-5327-4fbd-b20c-ac6a77b8bd66
182,Dr. Leonard Patel,efa29ade-1022-44ae-9b38-d38c77d1adcd,leonard_patel,eligendi_iure_accusantium,center_8,ad79aaff-6cd9-4f01-9444-fcf9c6b77bd7
183,Dr. Valerie Gilbert,acae8bc9-35c4-4b3b-9fda-45b215f030a0,valerie_gilbert,dignissimos_qui_laborum,center_9,16861251-d6aa-4461-ab14-020197dc3952
184,Dr. Karen Whittaker,8682465b-3d70-48a0-aa3f-2facf03dd6af,karen_whittaker,omnis_magnam_aliquam,center_9,16861251-d6aa-4461-ab14-020197dc3952
185,Dr. Christopher Morris,81bf7f6d-817e-45c7-92f0-df07f70e7d4f,christopher_morris,illo_aliquam_repudiandae,center_5,4a739dcb-193e-4eac-aa5f-93652f4cc9e2
186,Dr. Nicholas Rowe,88b70b31-d3de-4dc1-a0a2-bb609ff9e7e3,nicholas_rowe,similique_id_corrupti,center_7,be283b6b-3230-4034-91da-dba4b7dc2b45
187,Dr. Hazel Finch,135bdbb9-4d62-4400-9431-46922af64374,hazel_finch,maxime_accusamus_aliquid,center_0,73968dd2-e499-43a1-9a8b-59d01497762e
188,Dr. Olivia Wright,f7b785c2-805a-4cfa-9db3-f714cdd9eb84,olivia_wright,et_magnam_minus,center_7,be283b6b-3230-4034-91da-dba4b7dc2b45
189,Dr. Toby Parker,bf689ce6-aa72-4476-b82a-1967df80a437,toby_parker,pariatur_expedita_laborum,center_0,73968dd2-e499-43a1-9a8b-59d01497762e
190,Dr. Shane Begum,bbd9c425-c85d-4bc0-8428-3981d1284b2c,shane_begum,assumenda_eius_aut,center_3,c4df1301-8f35-4665-8b3f-1e7f2f906bc6
191,Dr. Lynda Stone,22fa78b1-fabe-417f-a923-4856a10eefeb,lynda_stone,id_inventore_repellat,center_1,b7c40f63-97c1-4d60-bcea-2d17da808d80
192,Dr. Dominic Smith,424051e0-84b2-4ba1-9bf9-fedb743a3a8f,dominic_smith,distinctio_accusamus_odit,center_8,ad79aaff-6cd9-4f01-9444-fcf9c6b77bd7
193,Dr. Jake Robinson,beb0c6e4-1eb9-4e1f-b305-1a64c41031a3,jake_robinson,dolorum_deleniti_praesentium,center_2,35f88fb7-dffd-40ab-958e-aceda4f44560
194,Dr. Douglas Patel,88a54982-e17c-4337-8e11-54c92733bbfd,douglas_patel,unde_consectetur_distinctio,center_2,35f88fb7-dffd-40ab-958e-aceda4f44560
195,Dr. Chelsea Rowley,64c22c60-ccb5-4521-9712-0923376967d5,chelsea_rowley,iure_est_id,center_4,c8f81663-f4e6-4c83-8f52-326f40feccca
196,Dr. Suzanne Baker,10f23b68-02b1-4609-a224-ced11a6c4346,suzanne_baker,dolores_eligendi_aut,center_8,ad79aaff-6cd9-4f01-9444-fcf9c6b77bd7
197,Dr. Stephanie Campbell,9608258b-6ed9-4e3b-b44c-5eddc4c42228,stephanie_campbell,molestiae_eligendi_aliquid,center_3,c4df1301-8f35-4665-8b3f-1e7f2f906bc6
198,Dr. Bethan Hall,9e354eaf-d21d-4287-8cb6-91e35e25f5e0,bethan_hall,maiores_sunt_officia,center_4,c8f81663-f4e6-4c83-8f52-326f40feccca
199,Dr. Lydia Walker,5a5b96f0-1ec3-4b52-a6f6-f13bddafd1c5,lydia_walker,maiores_eaque_earum,center_3,c4df1301-8f35-4665-8b3f-1e7f2f906bc6
200,Dr. Stuart Hall,b2232b80-7df1-442c-bfc6-b2aa01a559eb,stuart_hall,molestiae_excepturi_dolores,center_6,f7563f77-5327-4fbd-b20c-ac6a77b8bd66
201,Dr. Stacey Watson,7c7023a3-e3aa-410f-8a11-ac94714aeabb,stacey_watson,sunt_consequuntur_velit,center_5,4a739dcb-193e-4eac-aa5f-93652f4cc9e2
202,Dr. Geoffrey Harris,41b35cd7-a7a3-491d-90a9-559e7fefd525,geoffrey_harris,dicta_sed_optio,center_3,c4df1301-8f35-4665-8b3f-1e7f2f906bc6
203,Dr. Douglas Hunt,79b3d21a-f347-41ab-b135-9a17f68733e5,douglas_hunt,autem_nisi_perspiciatis,center_1,b7c40f63-97c1-4d60-bcea-2d17da808d80
204,Dr. Kimberley Smith,dc09e849-914d-492b-8766-942df6437a48,kimberley_smith,neque_ea_pariatur,center_1,b7c40f63-97c1-4d60-bcea-2d17da808d80
205,Dr. Dawn Mistry,ed0c6eb5-e302-4d27-85be-19046d992dbb,dawn_mistry,sit_error_error,center_6,f7563f77-5327-4fbd-b20c-ac6a77b8bd66
206,Dr. Katy Brown,f0ca1537-c432-47b9-a1e9-fb351b787e96,katy_brown,non_placeat_ullam,center_3,c4df1301-8f35-4665-8b3f-1e7f2f906bc6
207,Dr. Annette Edwards,96386c35-a913-4f0d-8550-c4f72e3056b5,annette_edwards,accusantium_exercitationem_aspernatur,center_7,be283b6b-3230-4034-91da-dba4b7dc2b45
208,Dr. Sara Harris,c2af2a9e-df6a-4802-84c1-11b31ba16ad3,sara_harris,laborum_facilis_quos,center_6,f7563f77-5327-4fbd-b20c-ac6a77b8bd66
209,Dr. Graham Campbell,a5991082-325f-4886-8433-2deae6647605,graham_campbell,blanditiis_aut_quae,center_5,4a739dcb-193e-4eac-aa5f-93652f4cc9e2
210,Dr. Jack Fletcher,fd836098-21cb-4048-ae21-2a267ff66809,jack_fletcher,impedit_officiis_vero,center_1,b7c40f63-97c1-4d60-bcea-2d17da808d80
211,Dr. Andrea O'Brien,5c4e4664-97ea-4536-99fc-55a0b788c037,andrea_o'brien,eius_tempora_saepe,center_8,ad79aaff-6cd9-4f01-9444-fcf9c6b77bd7
212,Dr. Terence Reed,caebcfc4-fb3e-418d-a035-7b28c75f978d,terence_reed,maxime_nobis_ducimus,center_5,4a739dcb-193e-4eac-aa5f-93652f4cc9e2
213,Dr. Kim Pearce,ccbec54b-2c79-4853-9ce4-8963bf96beb5,kim_pearce,exercitationem_iste_iusto,center_8,ad79aaff-6cd9-4f01-9444-fcf9c6b77bd7
214,Dr. Anna Moore,5dc6a5fb-d0d8-4e89-b72e-e9657126fe4b,anna_moore,dolorum_ipsum_facere,center_8,ad79aaff-6cd9-4f01-9444-fcf9c6b77bd7
215,Dr. Lynne Wood,c8b52414-6f5b-428b-beab-6ba9fb136eb6,lynne_wood,atque_sequi_necessitatibus,center_2,35f88fb7-dffd-40ab-958e-aceda4f44560
216,Dr. Michelle Ali,4c35603b-7da6-41ce-bc17-0c75390cffee,michelle_ali,quia_soluta_sed,center_9,16861251-d6aa-4461-ab14-020197dc3952
217,Dr. Gordon Miah,0d93780d-0948-4994-b383-da065310f051,gordon_miah,occaecati_sed_ea,center_5,4a739dcb-193e-4eac-aa5f-93652f4cc9e2
218,Dr. Alex Chapman,bfad74f2-466e-4577-96b1-49ac77004841,alex_chapman,ipsam_voluptate_illum,center_3,c4df1301-8f35-4665-8b3f-1e7f2f906bc6
219,Dr. Eleanor Davies,62dfd08f-36ba-44fd-9aba-f755849ab7c4,eleanor_davies,aut_expedita_optio,center_1,b7c40f63-97c1-4d60-bcea-2d17da808d80
220,Dr. Scott Taylor,f580a0e9-baab-4c9e-92cd-4404e0c8f22d,scott_taylor,possimus_occaecati_ipsam,center_0,73968dd2-e499-43a1-9a8b-59d01497762e
221,Dr. Angela Bell,dc5eed26-73e3-4297-a2ae-ece489491894,angela_bell,dolor_sint_eligendi,center_3,c4df1301-8f35-4665-8b3f-1e7f2f906bc6
222,Dr. Bruce Matthews,fa844588-b43e-4d23-8225-9646bc7b890f,bruce_matthews,sint_et_minus,center_2,35f88fb7-dffd-40ab-958e-aceda4f44560
223,Dr. Kirsty O'Neill,71de41e0-1b5e-4130-af9f-1992564ce8e1,kirsty_o'neill,alias_odit_tempore,center_2,35f88fb7-dffd-40ab-958e-aceda4f44560
224,Dr. Russell Stevens,8d59dc53-eca2-43a1-918d-8e1d111120ef,russell_stevens,similique_maiores_hic,center_6,f7563f77-5327-4fbd-b20c-ac6a77b8bd66
225,Dr. Helen Howard,d5b1eff7-7120-4bf8-8a73-76e56d40ae48,helen_howard,fugit_ut_corrupti,center_1,b7c40f63-97c1-4d60-bcea-2d17da808d80
226,Dr. Pauline Smith,37859c25-8cf8-4f0b-b804-d05f5a4c5cea,pauline_smith,consectetur_ipsa_at,center_3,c4df1301-8f35-4665-8b3f-1e7f2f906bc6
227,Dr. Gary Morris,d181ebed-4cb3-4828-b0f6-8639a9de12e8,gary_morris,reiciendis_molestias_aperiam,center_7,be283b6b-3230-4034-91da-dba4b7dc2b45
228,Dr. Rosie Robertson,b8af8323-de34-4519-b2e7-d1329b8684ec,rosie_robertson,alias_commodi_rem,center_8,ad79aaff-6cd9-4f01-9444-fcf9c6b77bd7
229,Dr. Damian Davies,b88c8dcb-3906-436f-ba44-3dc72e924c86,damian_davies,est_ad_mollitia,center_2,35f88fb7-dffd-40ab-958e-aceda4f44560
230,Dr. Hayley Watson,176eac79-b84e-4ea1-b943-ebadd595cb4f,hayley_watson,voluptate_quibusdam_repudiandae,center_3,c4df1301-8f35-4665-8b3f-1e7f2f906bc6
231,Dr. Elaine Jones,c36d4e69-4f5d-4b83-8b98-df475ad0525a,elaine_jones,nam_quia_natus,center_8,ad79aaff-6cd9-4f01-9444-fcf9c6b77bd7
232,Dr. Albert Dobson,29f603f4-b5be-4d71-9c55-79c63af3d36a,albert_dobson,quisquam_quam_vero,center_8,ad79aaff-6cd9-4f01-9444-fcf9c6b77bd7
233,Dr. Graham Faulkner,0ad9541f-ad36-47c4-b2eb-0249ae5a0f40,graham_faulkner,magni_natus_officia,center_6,f7563f77-5327-4fbd-b20c-ac6a77b8bd66
234,Dr. Mohamed Martin,49d1d615-ab19-443e-92e7-29c5060ab9a7,mohamed_martin,rerum_eum_ex,center_5,4a739dcb-193e-4eac-aa5f-93652f4cc9e2
235,Dr. Annette Turner,b000e9e0-da81-4b49-8f07-3f84ac5093a8,annette_turner,debitis_illum_incidunt,center_9,16861251-d6aa-4461-ab14-020197dc3952
236,Dr. Maureen Whitehouse,b278438d-ecac-4380-8e8c-ca9fc62fa98c,maureen_whitehouse,veniam_vero_rem,center_0,73968dd2-e499-43a1-9a8b-59d01497762e
237,Dr. Frank Brooks,10b72092-b492-424a-a661-05d328b030b8,frank_brooks,architecto_voluptatum_vel,center_3,c4df1301-8f35-4665-8b3f-1e7f2f906bc6
238,Dr. Donna Bull,1238e653-df8f-4297-9aeb-13e042399e82,donna_bull,magnam_quos_soluta,center_1,b7c40f63-97c1-4d60-bcea-2d17da808d80
239,Dr. Dennis Short,f475eb05-b8d6-4de8-9788-46681c4c49e7,dennis_short,occaecati_quas_saepe,center_7,be283b6b-3230-4034-91da-dba4b7dc2b45
240,Dr. Ann Parkes,713f007f-a9ba-49ee-b02f-ca12b6381485,ann_parkes,veritatis_recusandae_repudiandae,center_3,c4df1301-8f35-4665-8b3f-1e7f2f906bc6
241,Dr. Lesley Baldwin,d68ece71-c930-4e73-9918-4e84b2855f10,lesley_baldwin,nesciunt_ea_officiis,center_7,be283b6b-3230-4034-91da-dba4b7dc2b45
242,Dr. Mohamed Thompson,11de23db-9804-4361-86f6-d994317c01c9,mohamed_thompson,velit_distinctio_dolore,center_0,73968dd2-e499-43a1-9a8b-59d01497762e
243,Dr. Adam Watkins,642e233e-63d8-4b4c-8095-2619e619b5c3,adam_watkins,dignissimos_alias_recusandae,center_2,35f88fb7-dffd-40ab-958e-aceda4f44560
244,Dr. Emily Webb,bffa958c-6a75-4bea-bfd9-d24d056591f1,emily_webb,dolores_magni_laudantium,center_8,ad79aaff-6cd9-4f01-9444-fcf9c6b77bd7
245,Dr. Lauren Smith,79925afa-f677-4d4c-81ea-a1561a0fdd44,lauren_smith,modi_quod_debitis,center_8,ad79aaff-6cd9-4f01-9444-fcf9c6b77bd7
246,Dr. Hugh Brown,e94a2c0c-b4e6-4b3a-9bdc-2d92ecf8cf38,hugh_brown,laboriosam_excepturi_eius,center_6,f7563f77-5327-4fbd-b20c-ac6a77b8bd66
247,Dr. Beverley King,c9e11a1c-0ef6-4e1a-8baa-ffe15ca73c78,beverley_king,blanditiis_dolorem_explicabo,center_3,c4df1301-8f35-4665-8b3f-1e7f2f906bc6
248,Dr. Damian Marshall,713e475a-c520-4d96-b514-551661a8d428,damian_marshall,explicabo_provident_esse,center_2,35f88fb7-dffd-40ab-958e-aceda4f44560
249,Dr. Caroline Leonard,71c4ba63-3286-44c8-b517-49f3446f27a2,caroline_leonard,esse_commodi_natus,center_2,35f88fb7-dffd-40ab-958e-aceda4f44560
250,Dr. Donald Brown,fe838a38-cf7a-418e-9e01-9ca796a727fd,donald_brown,voluptates_ipsam_aliquid,center_0,73968dd2-e499-43a1-9a8b-59d01497762e
251,Dr. Ian Bartlett,34978012-9507-4e91-8d80-6d3cfb8536db,ian_bartlett,quibusdam_consequatur_excepturi,center_0,73968dd2-e499-43a1-9a8b-59d01497762e
252,Dr. Sarah Allen,308f59c5-e970-40f1-96aa-8b064b50d060,sarah_allen,soluta_est_accusantium,center_2,35f88fb7-dffd-40ab-958e-aceda4f44560
253,Dr. Shannon Stone,9e00cf16-08ae-4e12-80a9-8f667d9bd2d5,shannon_stone,impedit_soluta_aliquam,center_0,73968dd2-e499-43a1-9a8b-59d01497762e
254,Dr. Martyn Bates,554ee892-f78c-4c82-b320-7313b077e59c,martyn_bates,debitis_itaque_enim,center_3,c4df1301-8f35-4665-8b3f-1e7f2f906bc6
255,Dr. Dominic Goodwin,5f882756-7b8e-4e6e-92d5-b51c396d3cc1,dominic_goodwin,fuga_sequi_voluptas,center_1,b7c40f63-97c1-4d60-bcea-2d17da808d80
256,Dr. Ellie John,46878e5e-17b1-4f5d-93aa-10cd04ebb63d,ellie_john,deleniti_aliquam_expedita,center_0,73968dd2-e499-43a1-9a8b-59d01497762e
257,Dr. Pauline Wilson,4c3dfdc2-c1ab-41aa-b38f-2990ef07e4ee,pauline_wilson,nobis_hic_aperiam,center_0,73968dd2-e499-43a1-9a8b-59d01497762e
258,Dr. Richard Reynolds,b92c51d3-75a4-41ff-b072-e5356a1c3780,richard_reynolds,et_amet_tempore,center_9,16861251-d6aa-4461-ab14-020197dc3952
259,Dr. Carolyn Miles,295aa236-cf55-4139-a3fc-fb3dcdf19c4e,carolyn_miles,quia_animi_natus,center_0,73968dd2-e499-43a1-9a8b-59d01497762e
260,Dr. Sheila Jones,8a5cb213-2c27-469e-a7be-8d67981c8c4f,sheila_jones,tempora_nesciunt_ex,center_2,35f88fb7-dffd-40ab-958e-aceda4f44560
261,Dr. Sylvia Jones,b2be00c1-3826-4724-8c83-5cb7c5941f82,sylvia_jones,veniam_voluptate_dicta,center_9,16861251-d6aa-4461-ab14-020197dc3952
262,Dr. Dawn Clark,333f7c67-c08d-4f1b-939c-b1b985a6ac3c,dawn_clark,cumque_quam_dolorem,center_6,f7563f77-5327-4fbd-b20c-ac6a77b8bd66
263,Dr. Shannon Nicholson,540b9602-fdad-4eb0-97e6-cb33134e3c9d,shannon_nicholson,deleniti_quisquam_quis,center_0,73968dd2-e499-43a1-9a8b-59d01497762e
264,Dr. Jason Gardner,ef71acc4-427d-4245-8b15-5624269647f7,jason_gardner,nisi_explicabo_quasi,center_1,b7c40f63-97c1-4d60-bcea-2d17da808d80
265,Dr. Jean Duffy,80ac080b-0e3a-495b-9ab0-933f86eb24b9,jean_duffy,ad_earum_explicabo,center_5,4a739dcb-193e-4eac-aa5f-93652f4cc9e2
266,Dr. Robert Ross,1ac20d78-11dd-46f9-8414-9b3de33424e3,robert_ross,sapiente_veritatis_alias,center_6,f7563f77-5327-4fbd-b20c-ac6a77b8bd66
267,Dr. Kathleen Armstrong,d4f1614d-30ac-4acb-9d04-885811e8eed1,kathleen_armstrong,architecto_aliquam_laudantium,center_2,35f88fb7-dffd-40ab-958e-aceda4f44560
268,Dr. Joshua Smith,c58db5a4-d4ce-4707-90ef-b8e0809ea4ce,joshua_smith,ea_perferendis_perferendis,center_5,4a739dcb-193e-4eac-aa5f-93652f4cc9e2
269,Dr. Gareth Fuller,b1aeca4a-123c-4dab-90ec-89e107ce4344,gareth_fuller,illo_neque_ducimus,center_3,c4df1301-8f35-4665-8b3f-1e7f2f906bc6
270,Dr. Ellie Carter,b02b286d-75c9-49df-be7b-c0c55bf0097b,ellie_carter,assumenda_placeat_esse,center_4,c8f81663-f4e6-4c83-8f52-326f40feccca
271,Dr. Holly Newton,c3d43a0c-3dc7-43e7-9c9f-01c735e61cfe,holly_newton,minus_aliquam_vero,center_8,ad79aaff-6cd9-4f01-9444-fcf9c6b77bd7
272,Dr. Kathryn Dixon,e9430803-b572-4a4e-b3be-20c87ee3628c,kathryn_dixon,sit_ab_rerum,center_8,ad79aaff-6cd9-4f01-9444-fcf9c6b77bd7
273,Dr. Kirsty Kaur,b03c8af4-4a1f-46b2-8804-84e269a07924,kirsty_kaur,occaecati_error_ratione,center_2,35f88fb7-dffd-40ab-958e-aceda4f44560
274,Dr. Simon Watson,3e1385fe-4bae-4a9e-92c8-93e976edf5ae,simon_watson,sit_iste_amet,center_5,4a739dcb-193e-4eac-aa5f-93652f4cc9e2
275,Dr. Charles Davies,96816a7e-8af8-4006-9ff0-1d04a43d490b,charles_davies,architecto_incidunt_veritatis,center_5,4a739dcb-193e-4eac-aa5f-93652f4cc9e2
276,Dr. Brett Walker,5f3eaea8-7912-46d1-bebf-1625fece872d,brett_walker,fuga_fugit_necessitatibus,center_3,c4df1301-8f35-4665-8b3f-1e7f2f906bc6
277,Dr. James Robinson,f831a9fd-a4dd-49b0-8052-b65bcf91e686,james_robinson,vitae_asperiores_facere,center_7,be283b6b-3230-4034-91da-dba4b7dc2b45
278,Dr. John Gregory,24dab435-0c57-49a0-9fe0-e174f8e0f804,john_gregory,esse_recusandae_ducimus,center_2,35f88fb7-dffd-40ab-958e-aceda4f44560
279,Dr. Mary Harvey,f3419812-d53b-4f72-aae6-2be1971ba6ac,mary_harvey,aut_ipsum_minima,center_7,be283b6b-3230-4034-91da-dba4b7dc2b45
280,Dr. Philip Simpson,57fa514e-3aa3-4bd2-91ea-f971077df7f0,philip_simpson,tempore_suscipit_odio,center_0,73968dd2-e499-43a1-9a8b-59d01497762e
281,Dr. Sheila Brown,a464e606-0b7d-4ade-bb04-b5531f851eff,sheila_brown,facere_excepturi_nihil,center_6,f7563f77-5327-4fbd-b20c-ac6a77b8bd66
282,Dr. Catherine Butler,ab7105db-7b23-4dcc-b3b0-f6835f9b65ce,catherine_butler,corrupti_dignissimos_veritatis,center_1,b7c40f63-97c1-4d60-bcea-2d17da808d80
283,Dr. Bethany Hill,ef867dff-adfd-4cf6-94c0-502d17120e1c,bethany_hill,tempore_sapiente_atque,center_5,4a739dcb-193e-4eac-aa5f-93652f4cc9e2
284,Dr. Eleanor Taylor,09983929-a351-49e2-b636-a41829586f23,eleanor_taylor,porro_ex_delectus,center_6,f7563f77-5327-4fbd-b20c-ac6a77b8bd66
285,Dr. Emma Todd,b08022c1-390f-4161-87bc-77b29fcd6849,emma_todd,illo_molestiae_minus,center_2,35f88fb7-dffd-40ab-958e-aceda4f44560
286,Dr. Denis Harris,301911f1-e3b7-4fef-8974-f2ea9a0faa2f,denis_harris,voluptatem_quibusdam_tenetur,center_4,c8f81663-f4e6-4c83-8f52-326f40feccca
287,Dr. Barry Taylor,3d90af34-08c4-478c-9110-970faeeb86ca,barry_taylor,aliquid_laudantium_inventore,center_8,ad79aaff-6cd9-4f01-9444-fcf9c6b77bd7
288,Dr. Lorraine Williams,08656606-c2f0-4306-934a-57ef9ccbde8c,lorraine_williams,odit_alias_corrupti,center_8,ad79aaff-6cd9-4f01-9444-fcf9c6b77bd7
289,Dr. Neil Murray,4964acb5-85bf-45b1-80eb-ab3c609f4d06,neil_murray,porro_incidunt_eius,center_2,35f88fb7-dffd-40ab-958e-aceda4f44560
290,Dr. Paige Matthews,18eef176-41cd-4ca1-ac34-9fbbdc1d196c,paige_matthews,eligendi_sit_ducimus,center_6,f7563f77-5327-4fbd-b20c-ac6a77b8bd66
291,Dr. Kathleen Stewart,b326506a-49c0-4333-8d93-59f254304ad0,kathleen_stewart,animi_explicabo_magnam,center_8,ad79aaff-6cd9-4f01-9444-fcf9c6b77bd7
292,Dr. Charles Matthews,1e91b598-3220-41f5-bac3-76e1730d771e,charles_matthews,odit_veritatis_facere,center_7,be283b6b-3230-4034-91da-dba4b7dc2b45
293,Dr. Julia Booth,2d2b0252-24fa-43f8-832c-c1e67bce243c,julia_booth,dignissimos_delectus_dignissimos,center_7,be283b6b-3230-4034-91da-dba4b7dc2b45
294,Dr. Chloe Hayward,a0285271-3b7e-4d25-99bb-f75e99bbea45,chloe_hayward,iure_velit_iusto,center_4,c8f81663-f4e6-4c83-8f52-326f40feccca
295,Dr. Mandy Booth,2e03d6db-2fe7-4925-afd0-493c4b95e335,mandy_booth,minus_tempora_at,center_9,16861251-d6aa-4461-ab14-020197dc3952
296,Dr. Stephen Hill,296fefd8-9c23-433c-a50d-e38d22ae1df9,stephen_hill,occaecati_animi_porro,center_3,c4df1301-8f35-4665-8b3f-1e7f2f906bc6
297,Dr. Josh Powell,bbfb9cef-a86f-4ec2-a3b5-2dfe958dc4eb,josh_powell,doloribus_dolores_omnis,center_7,be283b6b-3230-4034-91da-dba4b7dc2b45
298,Dr. Russell Burns,6c3c2a22-9209-4ca1-926c-53232823d92f,russell_burns,porro_dolores_eum,center_2,35f88fb7-dffd-40ab-958e-aceda4f44560
299,Dr. Rachel Payne,cbacdd95-4b96-4deb-bcf6-3e5f777de0ad,rachel_payne,neque_necessitatibus_iure,center_7,be283b6b-3230-4034-91da-dba4b7dc2b45
300,Dr. Leslie Phillips,187783fa-6228-42a1-bd20-db2ac0d387fa,leslie_phillips,sit_tempore_dolore,center_2,35f88fb7-dffd-40ab-958e-aceda4f44560
301,Dr. Ellie Ellis,0f031e46-a94d-48bc-bc52-e4005c1fa02a,ellie_ellis,molestiae_illo_praesentium,center_1,b7c40f63-97c1-4d60-bcea-2d17da808d80
302,Dr. Timothy Richardson,88c1afed-b3bc-4d72-8b3e-502dcfdebdf0,timothy_richardson,doloribus_ducimus_quod,center_8,ad79aaff-6cd9-4f01-9444-fcf9c6b77bd7
303,Dr. Chloe Joyce,9911f7ca-66ca-443e-abe5-1c21bb32519a,chloe_joyce,modi_aspernatur_suscipit,center_0,73968dd2-e499-43a1-9a8b-59d01497762e
304,Dr. Deborah Cooper,162c3b9a-203a-49f9-98f7-8a0dc9ac4cfd,deborah_cooper,voluptate_deleniti_perferendis,center_9,16861251-d6aa-4461-ab14-020197dc3952
305,Dr. Brian Williams,e3e991b5-4390-4538-a146-2399258d17b8,brian_williams,ipsa_earum_magni,center_2,35f88fb7-dffd-40ab-958e-aceda4f44560
306,Dr. Glenn Vaughan,977c68b8-d86a-4737-a76a-5362cd9cd1d0,glenn_vaughan,repellendus_officia_praesentium,center_0,73968dd2-e499-43a1-9a8b-59d01497762e
307,Dr. John Martin,451e9e5c-5b3f-4633-8164-a7014fbf1b89,john_martin,cumque_libero_blanditiis,center_9,16861251-d6aa-4461-ab14-020197dc3952
308,Dr. Jill Morris,d6fb716d-4e60-4f6a-a5c3-c184bb30bec9,jill_morris,aut_illo_illo,center_7,be283b6b-3230-4034-91da-dba4b7dc2b45
309,Dr. Norman Hughes,90578043-01e1-428d-87fb-6fd406fbc1f1,norman_hughes,eaque_nemo_commodi,center_8,ad79aaff-6cd9-4f01-9444-fcf9c6b77bd7
310,Dr. Leonard Morgan,43debcbf-ea8b-436a-a33f-c9dc4df38165,leonard_morgan,recusandae_sed_libero,center_7,be283b6b-3230-4034-91da-dba4b7dc2b45
311,Dr. Barbara Holmes,de3c1443-0bf1-43b7-a22e-2a270baf1810,barbara_holmes,ullam_aperiam_expedita,center_7,be283b6b-3230-4034-91da-dba4b7dc2b45
312,Dr. Callum Murphy,df311a99-4126-4837-baf1-9477b4d792c4,callum_murphy,delectus_delectus_expedita,center_8,ad79aaff-6cd9-4f01-9444-fcf9c6b77bd7
313,Dr. Stacey White,7df0bc7d-16c7-4871-94ee-7d7daff3ead0,stacey_white,molestiae_saepe_ipsum,center_1,b7c40f63-97c1-4d60-bcea-2d17da808d80
314,Dr. Damian Byrne,b274ee10-6966-44c1-a8cc-2c9aeb3445df,damian_byrne,ipsam_soluta_quas,center_9,16861251-d6aa-4461-ab14-020197dc3952
315,Dr. Linda Brookes,eb95df4d-fcec-4ed3-9846-036db27e9eb2,linda_brookes,fuga_commodi_saepe,center_2,35f88fb7-dffd-40ab-958e-aceda4f44560
316,Dr. Billy Shaw,634ba224-45b6-4544-8bc0-e5d6b15b0fb7,billy_shaw,provident_eum_exercitationem,center_7,be283b6b-3230-4034-91da-dba4b7dc2b45
317,Dr. Brenda Moore,9ba6f2ae-4219-48e3-9f44-c4afe6955c11,brenda_moore,debitis_ratione_officiis,center_9,16861251-d6aa-4461-ab14-020197dc3952
318,Dr. Jason Reid,89619898-dbd3-4cde-8448-acd0039048ca,jason_reid,consectetur_soluta_est,center_2,35f88fb7-dffd-40ab-958e-aceda4f44560
319,Dr. Ronald Cook,41b1bf53-edfd-4c3b-970c-e3bcb512635a,ronald_cook,fugiat_enim_accusantium,center_5,4a739dcb-193e-4eac-aa5f-93652f4cc9e2
320,Dr. Rachael Burns,8119c99b-e5ba-40ff-a05d-feb70459313f,rachael_burns,ipsa_pariatur_laborum,center_5,4a739dcb-193e-4eac-aa5f-93652f4cc9e2
321,Dr. Declan Clarke,d951b8eb-9054-4164-8271-2edd31248682,declan_clarke,neque_alias_corrupti,center_7,be283b6b-3230-4034-91da-dba4b7dc2b45
322,Dr. Glenn Smith,38463cec-8717-4dd8-95b5-b06ccdefe1bd,glenn_smith,optio_ut_deserunt,center_4,c8f81663-f4e6-4c83-8f52-326f40feccca
323,Dr. Mohamed O'Brien,cf232626-031e-4465-bb1e-f1b80b5d7ef8,mohamed_o'brien,dolores_quidem_fugiat,center_4,c8f81663-f4e6-4c83-8f52-326f40feccca
324,Dr. Patricia Barrett,3916d4c3-153c-4aa1-802d-3c429ff27ae1,patricia_barrett,suscipit_omnis_fuga,center_5,4a739dcb-193e-4eac-aa5f-93652f4cc9e2
325,Dr. Patricia Taylor,7cb0b450-5a5b-4194-b33c-787f6f0543af,patricia_taylor,quia_quidem_nesciunt,center_6,f7563f77-5327-4fbd-b20c-ac6a77b8bd66
326,Dr. Mathew Ferguson,a25da74c-57e0-4c77-b3c9-84b9eddd80a5,mathew_ferguson,deserunt_perspiciatis_incidunt,center_7,be283b6b-3230-4034-91da-dba4b7dc2b45
327,Dr. Damien Harris,c09fbbbf-82f1-4e4b-8c2c-8a086e22946b,damien_harris,ipsum_adipisci_unde,center_4,c8f81663-f4e6-4c83-8f52-326f40feccca
328,Dr. Hilary McCarthy,5f473f69-484f-4d2c-a847-f45bee060644,hilary_mccarthy,cupiditate_quae_ea,center_7,be283b6b-3230-4034-91da-dba4b7dc2b45
329,Dr. Antony Norris,cd7d7000-2f49-4940-a677-0bc798a6a138,antony_norris,molestias_sunt_assumenda,center_4,c8f81663-f4e6-4c83-8f52-326f40feccca
330,Dr. Mark Roberts,98874899-507f-4628-9324-c99294fbe17f,mark_roberts,tempore_qui_magni,center_4,c8f81663-f4e6-4c83-8f52-326f40feccca
331,Dr. Barry Bishop,82a9b804-865f-4e80-8b4f-655790b95949,barry_bishop,cumque_odio_magnam,center_3,c4df1301-8f35-4665-8b3f-1e7f2f906bc6
332,Dr. Gregory Greenwood,b9c9ed0e-9835-4b28-b6ee-83949cc4130f,gregory_greenwood,temporibus_ipsam_voluptatum,center_5,4a739dcb-193e-4eac-aa5f-93652f4cc9e2
333,Dr. Nicola Hamilton,fa56f736-2174-41dc-8ec2-a02c65552758,nicola_hamilton,quidem_impedit_tempora,center_4,c8f81663-f4e6-4c83-8f52-326f40feccca
334,Dr. Katie Smith,64033365-56a2-458c-95bf-7561bd8deea7,katie_smith,voluptatibus_dicta_nobis,center_1,b7c40f63-97c1-4d60-bcea-2d17da808d80
335,Dr. Jane Richards,17b11318-f1cc-47b6-a044-40a97e8ea390,jane_richards,at_voluptatem_voluptatem,center_8,ad79aaff-6cd9-4f01-9444-fcf9c6b77bd7
336,Dr. Aimee Potter,9e5203a5-a3cf-461a-9d02-996360f080a3,aimee_potter,molestias_quas_quaerat,center_1,b7c40f63-97c1-4d60-bcea-2d17da808d80
337,Dr. Joseph Ashton,6039508b-dc12-4bf8-a5d8-0d3771cdd837,joseph_ashton,quasi_repudiandae_earum,center_9,16861251-d6aa-4461-ab14-020197dc3952
338,Dr. Douglas Bradshaw,1cff4497-4b6f-4235-bca1-6767375ad71d,douglas_bradshaw,quasi_minima_officiis,center_4,c8f81663-f4e6-4c83-8f52-326f40feccca
339,Dr. Glen Chambers,b21d2466-f583-499e-b6ff-48fd9c9ea7c8,glen_chambers,commodi_deserunt_possimus,center_0,73968dd2-e499-43a1-9a8b-59d01497762e
340,Dr. Vanessa Ward,3bfddf18-708f-4e58-9c6c-30e42435e34c,vanessa_ward,quos_facere_quis,center_7,be283b6b-3230-4034-91da-dba4b7dc2b45
341,Dr. Kayleigh Jones,9ada08ab-cd50-4ed5-9b7d-cbffaad7dbb6,kayleigh_jones,laborum_ullam_similique,center_3,c4df1301-8f35-4665-8b3f-1e7f2f906bc6
342,Dr. Nicole Smith,287622a1-d076-475e-b245-35b2c750e303,nicole_smith,dolorum_quis_ipsam,center_0,73968dd2-e499-43a1-9a8b-59d01497762e
343,Dr. Anna Thomas,9fe1f00e-a382-4755-96b7-9532533383af,anna_thomas,ab_et_saepe,center_9,16861251-d6aa-4461-ab14-020197dc3952
344,Dr. Elliot Evans,9558db4b-c0ee-4e8e-9fd8-be9e8ab3e25d,elliot_evans,placeat_voluptatem_nesciunt,center_7,be283b6b-3230-4034-91da-dba4b7dc2b45
345,Dr. Sandra Green,3ce2dacb-2b02-4b9a-838c-6fe85e4890c8,sandra_green,laudantium_sed_adipisci,center_7,be283b6b-3230-4034-91da-dba4b7dc2b45
346,Dr. June James,1279e6d9-e8c0-4378-b188-4312bbe225c7,june_james,accusamus_alias_sapiente,center_2,35f88fb7-dffd-40ab-958e-aceda4f44560
347,Dr. Jeremy Wilkinson,3a9e034a-835a-4716-88ca-eaea8b707074,jeremy_wilkinson,ullam_harum_deleniti,center_9,16861251-d6aa-4461-ab14-020197dc3952
348,Dr. Ian Reid,333223d9-c60b-49a1-a2fd-cb05a0865c3d,ian_reid,est_ipsum_modi,center_3,c4df1301-8f35-4665-8b3f-1e7f2f906bc6
349,Dr. Sheila Andrews,e7d95ef5-c9f7-42db-ae3e-89761c789ad7,sheila_andrews,iure_quibusdam_eveniet,center_6,f7563f77-5327-4fbd-b20c-ac6a77b8bd66
350,Dr. Nicole Smith,7717503b-30e4-4dc7-a133-60385875b8fd,nicole_smith,modi_velit_iure,center_2,35f88fb7-dffd-40ab-958e-aceda4f44560
351,Dr. Ricky Hicks,6373bc9c-7440-4e73-b90a-4abe4e823d7d,ricky_hicks,velit_sit_modi,center_7,be283b6b-3230-4034-91da-dba4b7dc2b45
352,Dr. Abbie Holloway,25cd3f11-251e-42f9-a107-db79f69f3270,abbie_holloway,voluptate_dolore_eveniet,center_5,4a739dcb-193e-4eac-aa5f-93652f4cc9e2
353,Dr. Patricia Brady,a98e3d27-3fa2-44ae-847e-820027cad0ba,patricia_brady,aliquid_ratione_fugiat,center_1,b7c40f63-97c1-4d60-bcea-2d17da808d80
354,Dr. Jacqueline Woods,90a1b840-cf2e-4718-a8ff-95daf2f33a59,jacqueline_woods,laborum_ex_tempora,center_0,73968dd2-e499-43a1-9a8b-59d01497762e
355,Dr. Graham Anderson,3b75ac51-f285-4446-bcef-21e5462f39da,graham_anderson,a_soluta_vel,center_0,73968dd2-e499-43a1-9a8b-59d01497762e
356,Dr. Tony Bradley,69d4d354-1832-487e-9447-c92aee15a16b,tony_bradley,reprehenderit_eveniet_voluptate,center_6,f7563f77-5327-4fbd-b20c-ac6a77b8bd66
357,Dr. Shaun Russell,731f5ef6-87a6-48a5-98cf-5d2a1cdb9ead,shaun_russell,sunt_at_officiis,center_9,16861251-d6aa-4461-ab14-020197dc3952
358,Dr. Raymond Johnson,fb02d0f6-171a-45d2-afb9-c1ac9daaa9df,raymond_johnson,facilis_nam_eaque,center_7,be283b6b-3230-4034-91da-dba4b7dc2b45
359,Dr. Marcus Webster,1182f1ae-dfdf-4368-ac38-cf9e9cceb790,marcus_webster,atque_odio_laboriosam,center_5,4a739dcb-193e-4eac-aa5f-93652f4cc9e2
360,Dr. Holly Riley,06d199c9-ce0b-4817-a0e2-5b75fb05d3ab,holly_riley,illum_praesentium_possimus,center_2,35f88fb7-dffd-40ab-958e-aceda4f44560
361,Dr. Deborah Barnett,ff015ec2-e3b8-4a5d-98f8-f3ad2926e870,deborah_barnett,nemo_sint_dignissimos,center_1,b7c40f63-97c1-4d60-bcea-2d17da808d80
362,Dr. Kathleen Davies,b59f51e3-5bc3-450e-99c2-381c20e58ccb,kathleen_davies,repudiandae_aut_tempore,center_5,4a739dcb-193e-4eac-aa5f-93652f4cc9e2
363,Dr. Antony Miles,3e65f14d-c7cb-418c-bf73-239b97baa0b5,antony_miles,maiores_alias_hic,center_2,35f88fb7-dffd-40ab-958e-aceda4f44560
364,Dr. Marian Jackson,e15a18f0-93b1-41e5-8579-428b23c16b08,marian_jackson,nam_eligendi_accusamus,center_3,c4df1301-8f35-4665-8b3f-1e7f2f906bc6
365,Dr. Ann Evans,21e75531-fbee-4015-8e94-5615f1dea10a,ann_evans,dolorum_architecto_deleniti,center_7,be283b6b-3230-4034-91da-dba4b7dc2b45
366,Dr. Fiona Butler,43780ef8-2343-40c3-a30b-0796b3df5c9c,fiona_butler,aliquam_reprehenderit_commodi,center_8,ad79aaff-6cd9-4f01-9444-fcf9c6b77bd7
367,Dr. Tracey Smith,3e6ffc77-25cb-4dac-8f9e-1d1c2f49c632,tracey_smith,iste_in_blanditiis,center_2,35f88fb7-dffd-40ab-958e-aceda4f44560
368,Dr. Rebecca Grant,b930db48-a618-4e6a-83d8-7ad54f45bafe,rebecca_grant,facilis_esse_reprehenderit,center_0,73968dd2-e499-43a1-9a8b-59d01497762e
369,Dr. Gail Taylor,521e89c3-4021-471a-9450-8cfccdfe10a1,gail_taylor,veniam_vitae_expedita,center_0,73968dd2-e499-43a1-9a8b-59d01497762e
370,Dr. Kelly Simpson,56d71d00-820a-440d-bb43-3b97d837d9a3,kelly_simpson,velit_quibusdam_ex,center_9,16861251-d6aa-4461-ab14-020197dc3952
371,Dr. Scott Read,d328025f-31bb-4055-9e76-e75b1b7d030a,scott_read,hic_magnam_ea,center_9,16861251-d6aa-4461-ab14-020197dc3952
372,Dr. George Gibson,7995e0f9-6fb7-435a-82e6-554661b61151,george_gibson,dignissimos_corrupti_aperiam,center_2,35f88fb7-dffd-40ab-958e-aceda4f44560
373,Dr. Eleanor Richards,d9f410eb-d02a-4911-ab1f-39b97fa5f0ce,eleanor_richards,eos_quasi_optio,center_6,f7563f77-5327-4fbd-b20c-ac6a77b8bd66
374,Dr. Bethany Taylor,eacc466a-c513-48e1-bfaf-c127c631355f,bethany_taylor,illo_ratione_soluta,center_6,f7563f77-5327-4fbd-b20c-ac6a77b8bd66
375,Dr. Andrew Graham,4e3a486d-b96f-4c36-a7f6-da76b66e3ad5,andrew_graham,deserunt_quod_explicabo,center_1,b7c40f63-97c1-4d60-bcea-2d17da808d80
376,Dr. Mohammed Ford,85c4d4f9-38a9-41a3-9a8e-a958d76ba16f,mohammed_ford,amet_beatae_expedita,center_8,ad79aaff-6cd9-4f01-9444-fcf9c6b77bd7
377,Dr. Louise Peters,43fc4c13-c4cb-4db0-8252-83f3622408a1,louise_peters,sequi_nisi_suscipit,center_7,be283b6b-3230-4034-91da-dba4b7dc2b45
378,Dr. Bradley James,42123818-9808-428f-8e65-24d31721e5c2,bradley_james,sequi_nisi_magnam,center_0,73968dd2-e499-43a1-9a8b-59d01497762e
379,Dr. Catherine Nash,44742be9-fb42-43d7-93aa-71cfe4882936,catherine_nash,asperiores_praesentium_distinctio,center_1,b7c40f63-97c1-4d60-bcea-2d17da808d80
380,Dr. Jason Bell,7118aca1-f70b-4ac1-a385-1ff2d90ff778,jason_bell,ipsum_reprehenderit_esse,center_4,c8f81663-f4e6-4c83-8f52-326f40feccca
381,Dr. Hugh Ellis,f57a2bc3-d5a8-4a7a-815f-65f650b58cb3,hugh_ellis,atque_dicta_eius,center_7,be283b6b-3230-4034-91da-dba4b7dc2b45
382,Dr. Jane Hart,9b0d7dc7-bf10-4ed3-b57c-51b0085fa069,jane_hart,ut_distinctio_quibusdam,center_8,ad79aaff-6cd9-4f01-9444-fcf9c6b77bd7
383,Dr. Beverley Campbell,65dd82f9-f939-4a56-92d3-53c0138876b0,beverley_campbell,quis_doloribus_ex,center_6,f7563f77-5327-4fbd-b20c-ac6a77b8bd66
384,Dr. Julian Kent,2ff1e20b-206f-4254-9edc-815f4c10e6ab,julian_kent,fuga_nesciunt_incidunt,center_8,ad79aaff-6cd9-4f01-9444-fcf9c6b77bd7
385,Dr. Lee Mills,6b9a2450-9a62-4aa8-be00-580c52ab5398,lee_mills,deleniti_harum_facilis,center_8,ad79aaff-6cd9-4f01-9444-fcf9c6b77bd7
386,Dr. Simon Woods,4cebbf82-6864-4d76-99e0-6bf277f01368,simon_woods,quia_maiores_in,center_7,be283b6b-3230-4034-91da-dba4b7dc2b45
387,Dr. Conor Bradley,574e47e5-3938-468a-8f05-83b38b0ad111,conor_bradley,laboriosam_saepe_non,center_2,35f88fb7-dffd-40ab-958e-aceda4f44560
388,Dr. Joanne McKenzie,c85e1402-2159-4c16-af93-ec630e867929,joanne_mckenzie,exercitationem_dignissimos_dolores,center_7,be283b6b-3230-4034-91da-dba4b7dc2b45
389,Dr. Jay Henderson,f7bcef89-2c00-4d53-9822-3e72bf95f55d,jay_henderson,amet_ducimus_illum,center_1,b7c40f63-97c1-4d60-bcea-2d17da808d80
390,Dr. Gerald Clayton,e152cb0a-6719-419b-8aa9-07a17eb1a5fd,gerald_clayton,dolor_ducimus_fugit,center_3,c4df1301-8f35-4665-8b3f-1e7f2f906bc6
391,Dr. Grace Jackson,f2cf2378-d0d9-49f1-8a6f-cc2edd3aafc9,grace_jackson,repellendus_doloribus_asperiores,center_4,c8f81663-f4e6-4c83-8f52-326f40feccca
392,Dr. Mitchell Williams,a02a2d53-02c2-46e9-adba-78dee3cf72f6,mitchell_williams,deserunt_pariatur_placeat,center_8,ad79aaff-6cd9-4f01-9444-fcf9c6b77bd7
393,Dr. Joan Lambert,ddcd5300-60c7-475b-99a6-5d7d82c4a38a,joan_lambert,consequatur_dignissimos_repellat,center_5,4a739dcb-193e-4eac-aa5f-93652f4cc9e2
394,Dr. Sophie Jennings,b6a962d4-9635-41d1-ad30-c40ee536a09d,sophie_jennings,corrupti_earum_eligendi,center_1,b7c40f63-97c1-4d60-bcea-2d17da808d80
395,Dr. Paul Thorpe,37ceda23-1793-4fef-8bd5-fb42a322eb63,paul_thorpe,explicabo_dolorem_molestias,center_2,35f88fb7-dffd-40ab-958e-aceda4f44560
396,Dr. Stephen Nelson,3f4efa83-41df-4087-96cc-31c2a98e30ca,stephen_nelson,tempore_veniam_autem,center_6,f7563f77-5327-4fbd-b20c-ac6a77b8bd66
397,Dr. Liam Holland,41dd7a0c-3bd4-489e-92df-4204ac475b19,liam_holland,ad_perspiciatis_sunt,center_9,16861251-d6aa-4461-ab14-020197dc3952
398,Dr. Pamela Davison,3cf071cf-11bd-42d4-b01a-2d59fa4c3993,pamela_davison,accusantium_libero_at,center_2,35f88fb7-dffd-40ab-958e-aceda4f44560
399,Dr. Christopher Cooper,dbf4fe81-9b7e-4f42-9394-ace49f92f0bc,christopher_cooper,voluptatibus_est_repudiandae,center_0,73968dd2-e499-43a1-9a8b-59d01497762e
400,Dr. Henry Wilson,cbde9a2f-7bd2-4e92-8f35-ce7b73dd8c92,henry_wilson,molestiae_velit_officia,center_1,b7c40f63-97c1-4d60-bcea-2d17da808d80
401,Dr. Abbie Bird,b6f850d2-8abe-430d-84fc-6b7d0f37f3f6,abbie_bird,quos_maxime_autem,center_2,35f88fb7-dffd-40ab-958e-aceda4f44560
402,Dr. Martyn Bell,73dad303-1972-4355-be15-867c3bc6b09f,martyn_bell,qui_dolorem_eveniet,center_3,c4df1301-8f35-4665-8b3f-1e7f2f906bc6
403,Dr. Robert Davies,31c5ea0e-6e84-4978-85b6-b42cf3b3bc71,robert_davies,odio_ipsa_blanditiis,center_0,73968dd2-e499-43a1-9a8b-59d01497762e
404,Dr. Denis Clark,ba9fce00-cad9-49b4-b877-82ee84124e7f,denis_clark,nesciunt_mollitia_esse,center_2,35f88fb7-dffd-40ab-958e-aceda4f44560
405,Dr. Andrew Stewart,e007fa5a-c804-4a99-a008-8831b857bbb2,andrew_stewart,aperiam_nam_repellat,center_9,16861251-d6aa-4461-ab14-020197dc3952
406,Dr. Dylan Walker,f10d99ca-a623-47d0-81d1-8c03056a716a,dylan_walker,pariatur_tempora_nisi,center_0,73968dd2-e499-43a1-9a8b-59d01497762e
407,Dr. Jade Jones,57483bfb-8eb7-4982-8aa0-42fb0fa12feb,jade_jones,quaerat_ex_deserunt,center_9,16861251-d6aa-4461-ab14-020197dc3952
408,Dr. Gary Atkins,f3f4915d-6750-4330-bcdc-7bce7918cbf6,gary_atkins,fugit_totam_error,center_9,16861251-d6aa-4461-ab14-020197dc3952
409,Dr. Iain Thomas,ed116875-9d3d-4a7a-b311-e420b2aa2b81,iain_thomas,quo_iste_accusamus,center_4,c8f81663-f4e6-4c83-8f52-326f40feccca
410,Dr. Joan Lane,154dc816-88b4-4944-865d-6686cebf89ea,joan_lane,mollitia_quibusdam_neque,center_4,c8f81663-f4e6-4c83-8f52-326f40feccca
411,Dr. Neil Knight,8e3edf89-a61b-4d80-9d5d-9c4cfa734773,neil_knight,id_libero_harum,center_5,4a739dcb-193e-4eac-aa5f-93652f4cc9e2
412,Dr. Edward Mason,361e9f08-3f0e-44e8-9197-dd7b0babf0ba,edward_mason,sit_error_minus,center_9,16861251-d6aa-4461-ab14-020197dc3952
413,Dr. Gary Collins,c10eb02b-8142-47e5-b0a7-79cd30c0592f,gary_collins,quo_nemo_odio,center_9,16861251-d6aa-4461-ab14-020197dc3952
414,Dr. Kirsty Austin,962b1482-3e8f-4f2e-a170-68732ced240b,kirsty_austin,ullam_assumenda_a,center_7,be283b6b-3230-4034-91da-dba4b7dc2b45
415,Dr. Alex Sutton,669a23f8-347f-4725-ab70-c9d2ad990bb4,alex_sutton,laudantium_doloribus_fugiat,center_1,b7c40f63-97c1-4d60-bcea-2d17da808d80
416,Dr. Wayne Owen,dc00f8cd-6154-4a9e-97bb-f09b8134fb4b,wayne_owen,eius_quae_corrupti,center_1,b7c40f63-97c1-4d60-bcea-2d17da808d80
417,Dr. Bradley Lee,0d62beff-e300-4fc4-8505-e91b6fa849f7,bradley_lee,vero_architecto_odit,center_1,b7c40f63-97c1-4d60-bcea-2d17da808d80
418,Dr. Eric Edwards,84566a81-87ac-4079-a49a-83929edcd984,eric_edwards,iusto_ex_voluptatum,center_1,b7c40f63-97c1-4d60-bcea-2d17da808d80
419,Dr. Billy Adams,f58faa7e-5088-4a2d-a263-689ecf576e33,billy_adams,fuga_iste_mollitia,center_5,4a739dcb-193e-4eac-aa5f-93652f4cc9e2
420,Dr. Tom Howard,9a719063-c9a3-4588-8b1f-a5f852d995af,tom_howard,facere_fugit_expedita,center_6,f7563f77-5327-4fbd-b20c-ac6a77b8bd66
421,Dr. James Haynes,1aee92bb-1fce-4d5a-8a3f-ec3deaeb7ac2,james_haynes,ipsa_voluptate_architecto,center_7,be283b6b-3230-4034-91da-dba4b7dc2b45
422,Dr. Bernard Miles,5258fac3-cc19-4eea-81d7-2650f41a4283,bernard_miles,fuga_laboriosam_eius,center_5,4a739dcb-193e-4eac-aa5f-93652f4cc9e2
423,Dr. Ellie Akhtar,e35661dc-faa9-4fb7-91ca-f304239061bf,ellie_akhtar,ea_optio_debitis,center_5,4a739dcb-193e-4eac-aa5f-93652f4cc9e2
424,Dr. Eric Nicholls,ee6fb71c-9753-4f00-8b2b-6ad126d744e0,eric_nicholls,aut_ducimus_eveniet,center_4,c8f81663-f4e6-4c83-8f52-326f40feccca
425,Dr. Wendy Mason,35461060-e807-42f4-a679-b3de2f9f892c,wendy_mason,expedita_voluptatibus_corporis,center_9,16861251-d6aa-4461-ab14-020197dc3952
426,Dr. Carl Smith,1b40f51d-bdb9-4688-af2a-05a8011fef6c,carl_smith,assumenda_consequuntur_nisi,center_2,35f88fb7-dffd-40ab-958e-aceda4f44560
427,Dr. Molly Burgess,aeec6301-ddec-4ad8-a7c4-7f323619a2b6,molly_burgess,incidunt_magni_sunt,center_7,be283b6b-3230-4034-91da-dba4b7dc2b45
428,Dr. Holly Price,068c5c07-17c8-4649-8185-216b551c888b,holly_price,nihil_modi_at,center_1,b7c40f63-97c1-4d60-bcea-2d17da808d80
429,Dr. Eileen Holmes,fc472dc2-e984-478c-8fb5-91a77f7a42d1,eileen_holmes,possimus_maiores_necessitatibus,center_9,16861251-d6aa-4461-ab14-020197dc3952
430,Dr. Alex Brown,5712fe94-2379-4306-867f-4726208fda20,alex_brown,rerum_laborum_hic,center_0,73968dd2-e499-43a1-9a8b-59d01497762e
431,Dr. Thomas Dixon,10f3af79-ed62-4a66-98bb-c654bf671705,thomas_dixon,consectetur_laboriosam_tempore,center_5,4a739dcb-193e-4eac-aa5f-93652f4cc9e2
432,Dr. Ryan Gardiner,fa20a37c-629d-4225-8617-8df6b2277945,ryan_gardiner,quo_quam_soluta,center_4,c8f81663-f4e6-4c83-8f52-326f40feccca
433,Dr. Kyle Robson,1dbb5d25-5a1e-4c6c-ab08-c16ff494c981,kyle_robson,provident_nemo_vitae,center_5,4a739dcb-193e-4eac-aa5f-93652f4cc9e2
434,Dr. Eileen Curtis,28743afb-c853-4add-8d6a-178bf2160a91,eileen_curtis,iusto_sed_harum,center_0,73968dd2-e499-43a1-9a8b-59d01497762e
435,Dr. Jordan Hayes,fe832273-abf8-45e6-8963-7f31b4cc073f,jordan_hayes,dolor_quae_fuga,center_9,16861251-d6aa-4461-ab14-020197dc3952
436,Dr. Lauren Ashton,ebd2eed6-ba27-48ae-b42d-f6ff8426d416,lauren_ashton,eos_dicta_ducimus,center_5,4a739dcb-193e-4eac-aa5f-93652f4cc9e2
437,Dr. Jordan Daniels,6d630ec6-cdeb-4374-8998-debc46a56107,jordan_daniels,deleniti_nisi_dolorum,center_3,c4df1301-8f35-4665-8b3f-1e7f2f906bc6
438,Dr. Edward Collins,7adab851-e678-48fa-b20a-be357fad9d1f,edward_collins,veritatis_occaecati_esse,center_8,ad79aaff-6cd9-4f01-9444-fcf9c6b77bd7
439,Dr. Mohamed Taylor,35079be5-b1fd-4822-a01d-4cadd70c74b2,mohamed_taylor,doloremque_veniam_magnam,center_5,4a739dcb-193e-4eac-aa5f-93652f4cc9e2
440,Dr. Melanie Francis,b255f6ea-c61e-487b-84bf-5b4964a2e893,melanie_francis,sapiente_perferendis_nostrum,center_6,f7563f77-5327-4fbd-b20c-ac6a77b8bd66
441,Dr. Leanne Walters,2fb8a5ef-d220-4c8e-bd4c-41c2889810d2,leanne_walters,corporis_aspernatur_pariatur,center_0,73968dd2-e499-43a1-9a8b-59d01497762e
442,Dr. Eleanor Gray,fc25e7aa-dabe-426c-a20f-baf940aa45fc,eleanor_gray,quod_incidunt_vero,center_5,4a739dcb-193e-4eac-aa5f-93652f4cc9e2
443,Dr. Kieran Blackburn,0b9f8d41-8f17-401e-a536-4af4313f8f84,kieran_blackburn,adipisci_voluptatibus_ipsa,center_1,b7c40f63-97c1-4d60-bcea-2d17da808d80
444,Dr. Patrick Young,c8df64da-b814-420c-b093-7c35f65b42a8,patrick_young,perferendis_quod_aliquid,center_6,f7563f77-5327-4fbd-b20c-ac6a77b8bd66
445,Dr. Gregory Chapman,93923f20-1b78-42a8-a487-1ce4572cc51b,gregory_chapman,quod_consequatur_eveniet,center_8,ad79aaff-6cd9-4f01-9444-fcf9c6b77bd7
446,Dr. Guy Robinson,d6ba86ad-d126-4adf-8f77-1a172b621ee3,guy_robinson,neque_recusandae_illo,center_5,4a739dcb-193e-4eac-aa5f-93652f4cc9e2
447,Dr. Marian Brown,06b36ae9-e530-43c1-861c-e261f9222d68,marian_brown,tempore_adipisci_aperiam,center_2,35f88fb7-dffd-40ab-958e-aceda4f44560
448,Dr. Ann Lawrence,c26b8629-636d-41ca-b66a-ad9e4b1f05f5,ann_lawrence,modi_excepturi_quas,center_3,c4df1301-8f35-4665-8b3f-1e7f2f906bc6
449,Dr. Diane Hall,620d13fd-98b4-46c7-bdd1-3c832628a5bf,diane_hall,perspiciatis_tenetur_quidem,center_4,c8f81663-f4e6-4c83-8f52-326f40feccca
450,Dr. Gregory Evans,09373c15-1495-4049-86d8-59ee0d836b1f,gregory_evans,dignissimos_quaerat_nobis,center_1,b7c40f63-97c1-4d60-bcea-2d17da808d80
451,Dr. Annette King,78c7acf7-84c9-4a70-ac4a-6d1b5c0f0952,annette_king,sint_quibusdam_eveniet,center_2,35f88fb7-dffd-40ab-958e-aceda4f44560
452,Dr. Graeme Burgess,2cd29001-f066-4063-a7fd-52088aacc3b5,graeme_burgess,quos_quae_perspiciatis,center_8,ad79aaff-6cd9-4f01-9444-fcf9c6b77bd7
453,Dr. Nicola Hughes,353d4ccd-eb44-4bbb-8a77-fde71e6d7f1e,nicola_hughes,repellat_labore_tempore,center_5,4a739dcb-193e-4eac-aa5f-93652f4cc9e2
454,Dr. Victor Middleton,4393c100-acfc-4689-aa76-668a8c3e6c28,victor_middleton,cumque_incidunt_dolorem,center_3,c4df1301-8f35-4665-8b3f-1e7f2f906bc6
455,Dr. Bethan Winter,8c725389-7758-491f-88d3-c119b3054879,bethan_winter,sequi_tempore_in,center_7,be283b6b-3230-4034-91da-dba4b7dc2b45
456,Dr. Helen Finch,39dc2247-500f-41ed-a465-4e918acec147,helen_finch,perferendis_ea_necessitatibus,center_9,16861251-d6aa-4461-ab14-020197dc3952
457,Dr. Jenna Jones,c7832edf-f6eb-436c-bd80-87c9a2434700,jenna_jones,aliquid_consequatur_quis,center_8,ad79aaff-6cd9-4f01-9444-fcf9c6b77bd7
458,Dr. Elizabeth Foster,dd671a62-3c00-441a-916a-aad85e20a769,elizabeth_foster,magnam_quibusdam_deleniti,center_9,16861251-d6aa-4461-ab14-020197dc3952
459,Dr. Karl Butcher,16ef9191-3fe3-4f22-9372-9eb628a801c7,karl_butcher,rem_totam_libero,center_4,c8f81663-f4e6-4c83-8f52-326f40feccca
460,Dr. Albert Ward,95dd24f3-28ea-41ff-89be-20857d3da476,albert_ward,pariatur_nostrum_reprehenderit,center_9,16861251-d6aa-4461-ab14-020197dc3952
461,Dr. Bernard Hale,612182da-7118-4848-bcde-e4ab588349e5,bernard_hale,eos_eius_nesciunt,center_4,c8f81663-f4e6-4c83-8f52-326f40feccca
462,Dr. Jeremy Gardner,b612c3f9-1d46-407a-988d-5efffd706d23,jeremy_gardner,ut_blanditiis_iure,center_7,be283b6b-3230-4034-91da-dba4b7dc2b45
463,Dr. Lucy Hammond,63309106-5694-4830-a4a9-74ee6aac79f6,lucy_hammond,sapiente_optio_hic,center_2,35f88fb7-dffd-40ab-958e-aceda4f44560
464,Dr. Maurice Humphreys,301f8089-176d-45d1-ba92-c52f33914fa7,maurice_humphreys,impedit_provident_veritatis,center_8,ad79aaff-6cd9-4f01-9444-fcf9c6b77bd7
465,Dr. Rachael O'Brien,22b38099-b28d-4a2f-a007-34a0ca0bcbe8,rachael_o'brien,error_sunt_asperiores,center_6,f7563f77-5327-4fbd-b20c-ac6a77b8bd66
466,Dr. Shirley Burrows,5bdc3b31-2607-4dee-81f7-d5cd0636889c,shirley_burrows,commodi_ratione_sapiente,center_7,be283b6b-3230-4034-91da-dba4b7dc2b45
467,Dr. Stanley Payne,c5430d59-89e4-4839-9d81-3e896e581886,stanley_payne,labore_consequuntur_totam,center_3,c4df1301-8f35-4665-8b3f-1e7f2f906bc6
468,Dr. Teresa Holland,ab625167-ed43-4cb8-98c3-85d9a82a2545,teresa_holland,quas_unde_itaque,center_8,ad79aaff-6cd9-4f01-9444-fcf9c6b77bd7
469,Dr. Conor Smith,825134c9-5549-47e5-9df9-61a1a9fefd89,conor_smith,doloremque_impedit_sunt,center_1,b7c40f63-97c1-4d60-bcea-2d17da808d80
470,Dr. Charlene Hayes,7142c7e7-6789-4bd1-90c5-c1a343a5b05c,charlene_hayes,culpa_temporibus_repellat,center_4,c8f81663-f4e6-4c83-8f52-326f40feccca
471,Dr. Howard Gregory,ffc9dd47-fc19-4ee2-9dd8-27cc188d8c64,howard_gregory,saepe_exercitationem_quam,center_1,b7c40f63-97c1-4d60-bcea-2d17da808d80
472,Dr. Martin Allen,ee2aee2b-1f03-4d8c-b9a9-84496a01196a,martin_allen,exercitationem_corporis_quis,center_9,16861251-d6aa-4461-ab14-020197dc3952
473,Dr. Andrew Johnston,9f1857d3-8ced-40cd-97ff-e190dd2952ba,andrew_johnston,earum_doloremque_et,center_3,c4df1301-8f35-4665-8b3f-1e7f2f906bc6
474,Dr. Dean Jackson,1f610e77-c92e-4702-b2ff-02254c90b2bf,dean_jackson,aspernatur_et_impedit,center_2,35f88fb7-dffd-40ab-958e-aceda4f44560
475,Dr. Amanda Brown,bd7814ec-7ae7-4ec2-9942-6c2be01f7aeb,amanda_brown,unde_sint_quas,center_4,c8f81663-f4e6-4c83-8f52-326f40feccca
476,Dr. Lindsey Jackson,ab89f722-7e32-44d7-9bfb-c39e14a1bc89,lindsey_jackson,consequatur_ratione_aliquam,center_1,b7c40f63-97c1-4d60-bcea-2d17da808d80
477,Dr. Liam Carroll,b0ee3c29-50e9-4c36-bdb2-cfe30da97129,liam_carroll,autem_hic_voluptates,center_9,16861251-d6aa-4461-ab14-020197dc3952
478,Dr. Trevor Wood,666980c3-b10b-4e8a-9804-9aa33b489e8a,trevor_wood,sequi_quo_reprehenderit,center_0,73968dd2-e499-43a1-9a8b-59d01497762e
479,Dr. Gordon Howard,507e872d-c959-4463-adac-683fcaba5441,gordon_howard,sit_beatae_vero,center_2,35f88fb7-dffd-40ab-958e-aceda4f44560
480,Dr. Vanessa Dawson,9981208f-cb75-4c37-9cfa-a74ad778a79c,vanessa_dawson,repellendus_perspiciatis_unde,center_4,c8f81663-f4e6-4c83-8f52-326f40feccca
481,Dr. Edward Turner,abc19fb2-9b2d-441f-a009-3929db7f76d5,edward_turner,aut_ab_magnam,center_8,ad79aaff-6cd9-4f01-9444-fcf9c6b77bd7
482,Dr. Elizabeth Butler,15da259f-7dc0-45eb-b2fe-3748904a2025,elizabeth_butler,deserunt_veniam_possimus,center_3,c4df1301-8f35-4665-8b3f-1e7f2f906bc6
483,Dr. Allan Davies,970065cb-ca62-4609-97c1-532133d61ccc,allan_davies,doloremque_dicta_debitis,center_6,f7563f77-5327-4fbd-b20c-ac6a77b8bd66
484,Dr. Kenneth Forster,d9c620a6-f165-492a-a254-1a11f8598347,kenneth_forster,corrupti_culpa_soluta,center_2,35f88fb7-dffd-40ab-958e-aceda4f44560
485,Dr. Mathew Ryan,d7bbef27-d584-4021-a475-89c0cb758182,mathew_ryan,consequuntur_dolor_aut,center_5,4a739dcb-193e-4eac-aa5f-93652f4cc9e2
486,Dr. Andrew Gray,6000bf7a-19e8-4bd0-ad8b-e8610d13a16e,andrew_gray,quo_dolore_quas,center_3,c4df1301-8f35-4665-8b3f-1e7f2f906bc6
487,Dr. Sharon Williams,582df6a6-1f81-4ca5-a6ee-095d87854901,sharon_williams,delectus_ea_dolorem,center_0,73968dd2-e499-43a1-9a8b-59d01497762e
488,Dr. Josh Roberts,c2288f14-81cf-4dcc-a848-d3d105cd6c5f,josh_roberts,saepe_ullam_architecto,center_0,73968dd2-e499-43a1-9a8b-59d01497762e
489,Dr. George Hamilton,a7dd0317-ddfc-486e-b466-f8505ade74a2,george_hamilton,ullam_non_quos,center_3,c4df1301-8f35-4665-8b3f-1e7f2f906bc6
490,Dr. Mohammed Harvey,63e581c5-0f98-4bf5-b403-096bad71c9d6,mohammed_harvey,pariatur_necessitatibus_maiores,center_7,be283b6b-3230-4034-91da-dba4b7dc2b45
491,Dr. Mathew Pearson,f860e59e-af45-4ea5-be68-c8bcf2ad5dd0,mathew_pearson,officia_sequi_tempora,center_3,c4df1301-8f35-4665-8b3f-1e7f2f906bc6
492,Dr. Charlene Cooper,84894972-4b50-48a6-af0d-3e7eecd1f4a9,charlene_cooper,aut_ducimus_voluptate,center_1,b7c40f63-97c1-4d60-bcea-2d17da808d80
493,Dr. Mitchell Oliver,e4605f3b-28b2-45c4-ade3-d27652cd15be,mitchell_oliver,quaerat_alias_suscipit,center_3,c4df1301-8f35-4665-8b3f-1e7f2f906bc6
494,Dr. Callum Smith,30b7e962-c03a-4e8a-a679-5bc3b612ca4e,callum_smith,expedita_a_quisquam,center_4,c8f81663-f4e6-4c83-8f52-326f40feccca
495,Dr. Janice Bates,50278da2-5290-4a3a-ad94-75e5c130fe22,janice_bates,quia_velit_odit,center_3,c4df1301-8f35-4665-8b3f-1e7f2f906bc6
496,Dr. Rachael Brown,9f51de0f-96b3-49ee-8ad8-b064b5a9d776,rachael_brown,ipsa_ducimus_aspernatur,center_2,35f88fb7-dffd-40ab-958e-aceda4f44560
497,Dr. Garry Richardson,2cc9e0ab-f272-49fd-960c-f8852a9e3a35,garry_richardson,enim_doloremque_deserunt,center_8,ad79aaff-6cd9-4f01-9444-fcf9c6b77bd7
498,Dr. Catherine Thomas,e5188470-314d-4851-84da-a133a79b18cf,catherine_thomas,amet_mollitia_illum,center_9,16861251-d6aa-4461-ab14-020197dc3952
499,Dr. Abdul Kay,7a361b17-4dde-44bc-92bc-3a7b51a4fe5c,abdul_kay,tempore_corporis_laborum,center_3,c4df1301-8f35-4665-8b3f-1e7f2f906bc6
